branch,commit,file,line,kind,original,replacement,context,sourceUrl
main,6a1f600624981355b519fd83a1908637d25afc7c,app/src/main/java/in/wikio/ecourts/BackgroundFetchService.java,270,drawable-use,ic_fetch_notification,notification-fetch,notification,https://github.com/vigarepo2/eCourts/blob/6a1f600624981355b519fd83a1908637d25afc7c/app/src/main/java/in/wikio/ecourts/BackgroundFetchService.java#L270
main,6a1f600624981355b519fd83a1908637d25afc7c,app/src/main/java/in/wikio/ecourts/CaseDb.java,859,unicode-symbol,→,transfer,From-court to to-court separator. Keep accessible text; icon is an optional visual replacement.,https://github.com/vigarepo2/eCourts/blob/6a1f600624981355b519fd83a1908637d25afc7c/app/src/main/java/in/wikio/ecourts/CaseDb.java#L859
main,6a1f600624981355b519fd83a1908637d25afc7c,app/src/main/java/in/wikio/ecourts/NativeCalendar.kt,61,interface-use,download,download,CalendarScreen / RoundAction,https://github.com/vigarepo2/eCourts/blob/6a1f600624981355b519fd83a1908637d25afc7c/app/src/main/java/in/wikio/ecourts/NativeCalendar.kt#L61
main,6a1f600624981355b519fd83a1908637d25afc7c,app/src/main/java/in/wikio/ecourts/NativeCalendar.kt,67,interface-use,download,download,CalendarScreen / RoundAction,https://github.com/vigarepo2/eCourts/blob/6a1f600624981355b519fd83a1908637d25afc7c/app/src/main/java/in/wikio/ecourts/NativeCalendar.kt#L67
main,6a1f600624981355b519fd83a1908637d25afc7c,app/src/main/java/in/wikio/ecourts/NativeCalendar.kt,75,interface-use,chevron-left,chevron-left,CalendarScreen / RoundAction,https://github.com/vigarepo2/eCourts/blob/6a1f600624981355b519fd83a1908637d25afc7c/app/src/main/java/in/wikio/ecourts/NativeCalendar.kt#L75
main,6a1f600624981355b519fd83a1908637d25afc7c,app/src/main/java/in/wikio/ecourts/NativeCalendar.kt,81,interface-use,calendar,calendar,CalendarScreen / MIcon,https://github.com/vigarepo2/eCourts/blob/6a1f600624981355b519fd83a1908637d25afc7c/app/src/main/java/in/wikio/ecourts/NativeCalendar.kt#L81
main,6a1f600624981355b519fd83a1908637d25afc7c,app/src/main/java/in/wikio/ecourts/NativeCalendar.kt,83,interface-use,chevron-right,chevron-right,CalendarScreen / RoundAction,https://github.com/vigarepo2/eCourts/blob/6a1f600624981355b519fd83a1908637d25afc7c/app/src/main/java/in/wikio/ecourts/NativeCalendar.kt#L83
main,6a1f600624981355b519fd83a1908637d25afc7c,app/src/main/java/in/wikio/ecourts/NativeCalendar.kt,129,interface-use,search,search,CalendarScreen / MIcon,https://github.com/vigarepo2/eCourts/blob/6a1f600624981355b519fd83a1908637d25afc7c/app/src/main/java/in/wikio/ecourts/NativeCalendar.kt#L129
main,6a1f600624981355b519fd83a1908637d25afc7c,app/src/main/java/in/wikio/ecourts/NativeCalendar.kt,129,interface-use,close,close,CalendarScreen / MIcon,https://github.com/vigarepo2/eCourts/blob/6a1f600624981355b519fd83a1908637d25afc7c/app/src/main/java/in/wikio/ecourts/NativeCalendar.kt#L129
main,6a1f600624981355b519fd83a1908637d25afc7c,app/src/main/java/in/wikio/ecourts/NativeCalendar.kt,133,control-state,LinearProgressIndicator,progress,CalendarScreen,https://github.com/vigarepo2/eCourts/blob/6a1f600624981355b519fd83a1908637d25afc7c/app/src/main/java/in/wikio/ecourts/NativeCalendar.kt#L133
main,6a1f600624981355b519fd83a1908637d25afc7c,app/src/main/java/in/wikio/ecourts/NativeCalendar.kt,134,interface-use,calendar,empty-calendar,CalendarScreen / EmptyState,https://github.com/vigarepo2/eCourts/blob/6a1f600624981355b519fd83a1908637d25afc7c/app/src/main/java/in/wikio/ecourts/NativeCalendar.kt#L134
main,6a1f600624981355b519fd83a1908637d25afc7c,app/src/main/java/in/wikio/ecourts/NativeCalendar.kt,183,interface-use,search,search,CalendarAgendaActions / RoundAction,https://github.com/vigarepo2/eCourts/blob/6a1f600624981355b519fd83a1908637d25afc7c/app/src/main/java/in/wikio/ecourts/NativeCalendar.kt#L183
main,6a1f600624981355b519fd83a1908637d25afc7c,app/src/main/java/in/wikio/ecourts/NativeCalendar.kt,184,interface-use,filter,filter,CalendarAgendaActions / RoundAction,https://github.com/vigarepo2/eCourts/blob/6a1f600624981355b519fd83a1908637d25afc7c/app/src/main/java/in/wikio/ecourts/NativeCalendar.kt#L184
main,6a1f600624981355b519fd83a1908637d25afc7c,app/src/main/java/in/wikio/ecourts/NativeCalendar.kt,185,interface-use,refresh,refresh,CalendarAgendaActions / RoundAction,https://github.com/vigarepo2/eCourts/blob/6a1f600624981355b519fd83a1908637d25afc7c/app/src/main/java/in/wikio/ecourts/NativeCalendar.kt#L185
main,6a1f600624981355b519fd83a1908637d25afc7c,app/src/main/java/in/wikio/ecourts/NativeCalendar.kt,258,interface-use,copy,copy,nextCell / MIcon,https://github.com/vigarepo2/eCourts/blob/6a1f600624981355b519fd83a1908637d25afc7c/app/src/main/java/in/wikio/ecourts/NativeCalendar.kt#L258
main,6a1f600624981355b519fd83a1908637d25afc7c,app/src/main/java/in/wikio/ecourts/NativeCalendar.kt,316,interface-use,calendar,calendar,CalendarExportSheet / NativeRow,https://github.com/vigarepo2/eCourts/blob/6a1f600624981355b519fd83a1908637d25afc7c/app/src/main/java/in/wikio/ecourts/NativeCalendar.kt#L316
main,6a1f600624981355b519fd83a1908637d25afc7c,app/src/main/java/in/wikio/ecourts/NativeCalendar.kt,318,interface-use,calendar,calendar,CalendarExportSheet / NativeRow,https://github.com/vigarepo2/eCourts/blob/6a1f600624981355b519fd83a1908637d25afc7c/app/src/main/java/in/wikio/ecourts/NativeCalendar.kt#L318
main,6a1f600624981355b519fd83a1908637d25afc7c,app/src/main/java/in/wikio/ecourts/NativeCalendar.kt,214,text-status,StatusPill,status-pending;status-disposed;status-undated;status-error;warning,"CalendarAgendaCard / currently text + colour; companion icons are optional, preserve status labels and logic.",https://github.com/vigarepo2/eCourts/blob/6a1f600624981355b519fd83a1908637d25afc7c/app/src/main/java/in/wikio/ecourts/NativeCalendar.kt#L214
main,6a1f600624981355b519fd83a1908637d25afc7c,app/src/main/java/in/wikio/ecourts/NativeCalendar.kt,235,text-status,StatusPill,status-pending;status-disposed;status-undated;status-error;warning,"nextCell / currently text + colour; companion icons are optional, preserve status labels and logic.",https://github.com/vigarepo2/eCourts/blob/6a1f600624981355b519fd83a1908637d25afc7c/app/src/main/java/in/wikio/ecourts/NativeCalendar.kt#L235
main,6a1f600624981355b519fd83a1908637d25afc7c,app/src/main/java/in/wikio/ecourts/NativeCaseData.kt,58,interface-use,close,close,CaseDataScreen / RoundAction,https://github.com/vigarepo2/eCourts/blob/6a1f600624981355b519fd83a1908637d25afc7c/app/src/main/java/in/wikio/ecourts/NativeCaseData.kt#L58
main,6a1f600624981355b519fd83a1908637d25afc7c,app/src/main/java/in/wikio/ecourts/NativeCaseData.kt,75,interface-use,copy,copy,CaseDataScreen / MIcon,https://github.com/vigarepo2/eCourts/blob/6a1f600624981355b519fd83a1908637d25afc7c/app/src/main/java/in/wikio/ecourts/NativeCaseData.kt#L75
main,6a1f600624981355b519fd83a1908637d25afc7c,app/src/main/java/in/wikio/ecourts/NativeCaseData.kt,87,interface-use,download,download,CaseDataScreen / MIcon,https://github.com/vigarepo2/eCourts/blob/6a1f600624981355b519fd83a1908637d25afc7c/app/src/main/java/in/wikio/ecourts/NativeCaseData.kt#L87
main,6a1f600624981355b519fd83a1908637d25afc7c,app/src/main/java/in/wikio/ecourts/NativeCaseData.kt,94,control-state,LinearProgressIndicator,progress,CaseDataScreen,https://github.com/vigarepo2/eCourts/blob/6a1f600624981355b519fd83a1908637d25afc7c/app/src/main/java/in/wikio/ecourts/NativeCaseData.kt#L94
main,6a1f600624981355b519fd83a1908637d25afc7c,app/src/main/java/in/wikio/ecourts/NativeCaseDetails.kt,87,interface-use,chevron-left,chevron-left,CaseDetailScreen / RoundAction,https://github.com/vigarepo2/eCourts/blob/6a1f600624981355b519fd83a1908637d25afc7c/app/src/main/java/in/wikio/ecourts/NativeCaseDetails.kt#L87
main,6a1f600624981355b519fd83a1908637d25afc7c,app/src/main/java/in/wikio/ecourts/NativeCaseDetails.kt,89,interface-use,"star-filled, star",star-filled;star,CaseDetailScreen / RoundAction,https://github.com/vigarepo2/eCourts/blob/6a1f600624981355b519fd83a1908637d25afc7c/app/src/main/java/in/wikio/ecourts/NativeCaseDetails.kt#L89
main,6a1f600624981355b519fd83a1908637d25afc7c,app/src/main/java/in/wikio/ecourts/NativeCaseDetails.kt,105,interface-use,court,courthouse,CaseDetailScreen / MIcon,https://github.com/vigarepo2/eCourts/blob/6a1f600624981355b519fd83a1908637d25afc7c/app/src/main/java/in/wikio/ecourts/NativeCaseDetails.kt#L105
main,6a1f600624981355b519fd83a1908637d25afc7c,app/src/main/java/in/wikio/ecourts/NativeCaseDetails.kt,164,interface-use,file,court-order,CaseDetailScreen / DetailShortcut,https://github.com/vigarepo2/eCourts/blob/6a1f600624981355b519fd83a1908637d25afc7c/app/src/main/java/in/wikio/ecourts/NativeCaseDetails.kt#L164
main,6a1f600624981355b519fd83a1908637d25afc7c,app/src/main/java/in/wikio/ecourts/NativeCaseDetails.kt,169,interface-use,history,history,CaseDetailScreen / DetailShortcut,https://github.com/vigarepo2/eCourts/blob/6a1f600624981355b519fd83a1908637d25afc7c/app/src/main/java/in/wikio/ecourts/NativeCaseDetails.kt#L169
main,6a1f600624981355b519fd83a1908637d25afc7c,app/src/main/java/in/wikio/ecourts/NativeCaseDetails.kt,193,interface-use,history,empty-history,CaseDetailScreen / EmptyState,https://github.com/vigarepo2/eCourts/blob/6a1f600624981355b519fd83a1908637d25afc7c/app/src/main/java/in/wikio/ecourts/NativeCaseDetails.kt#L193
main,6a1f600624981355b519fd83a1908637d25afc7c,app/src/main/java/in/wikio/ecourts/NativeCaseDetails.kt,201,interface-use,history,history,CaseDetailScreen / NativeRow,https://github.com/vigarepo2/eCourts/blob/6a1f600624981355b519fd83a1908637d25afc7c/app/src/main/java/in/wikio/ecourts/NativeCaseDetails.kt#L201
main,6a1f600624981355b519fd83a1908637d25afc7c,app/src/main/java/in/wikio/ecourts/NativeCaseDetails.kt,206,interface-use,file,empty-orders,CaseDetailScreen / EmptyState,https://github.com/vigarepo2/eCourts/blob/6a1f600624981355b519fd83a1908637d25afc7c/app/src/main/java/in/wikio/ecourts/NativeCaseDetails.kt#L206
main,6a1f600624981355b519fd83a1908637d25afc7c,app/src/main/java/in/wikio/ecourts/NativeCaseDetails.kt,227,control-state,RadioButton,radio-off;radio-on,CaseDetailScreen,https://github.com/vigarepo2/eCourts/blob/6a1f600624981355b519fd83a1908637d25afc7c/app/src/main/java/in/wikio/ecourts/NativeCaseDetails.kt#L227
main,6a1f600624981355b519fd83a1908637d25afc7c,app/src/main/java/in/wikio/ecourts/NativeCaseDetails.kt,276,interface-use,chevron-right,chevron-right,DetailShortcut / MIcon,https://github.com/vigarepo2/eCourts/blob/6a1f600624981355b519fd83a1908637d25afc7c/app/src/main/java/in/wikio/ecourts/NativeCaseDetails.kt#L276
main,6a1f600624981355b519fd83a1908637d25afc7c,app/src/main/java/in/wikio/ecourts/NativeCaseDetails.kt,364,interface-use,court,courthouse,ActsSection / NativeRow,https://github.com/vigarepo2/eCourts/blob/6a1f600624981355b519fd83a1908637d25afc7c/app/src/main/java/in/wikio/ecourts/NativeCaseDetails.kt#L364
main,6a1f600624981355b519fd83a1908637d25afc7c,app/src/main/java/in/wikio/ecourts/NativeCaseDetails.kt,380,interface-use,file,fir-document,FirSection / ActionPill,https://github.com/vigarepo2/eCourts/blob/6a1f600624981355b519fd83a1908637d25afc7c/app/src/main/java/in/wikio/ecourts/NativeCaseDetails.kt#L380
main,6a1f600624981355b519fd83a1908637d25afc7c,app/src/main/java/in/wikio/ecourts/NativeCaseDetails.kt,408,interface-use,"chevron-up, chevron-down",chevron-up;chevron-down,HearingCard / MIcon,https://github.com/vigarepo2/eCourts/blob/6a1f600624981355b519fd83a1908637d25afc7c/app/src/main/java/in/wikio/ecourts/NativeCaseDetails.kt#L408
main,6a1f600624981355b519fd83a1908637d25afc7c,app/src/main/java/in/wikio/ecourts/NativeCaseDetails.kt,417,interface-use,calendar,calendar,HearingCard / MIcon,https://github.com/vigarepo2/eCourts/blob/6a1f600624981355b519fd83a1908637d25afc7c/app/src/main/java/in/wikio/ecourts/NativeCaseDetails.kt#L417
main,6a1f600624981355b519fd83a1908637d25afc7c,app/src/main/java/in/wikio/ecourts/NativeCaseDetails.kt,465,interface-use,file,court-order,perform / MIcon,https://github.com/vigarepo2/eCourts/blob/6a1f600624981355b519fd83a1908637d25afc7c/app/src/main/java/in/wikio/ecourts/NativeCaseDetails.kt#L465
main,6a1f600624981355b519fd83a1908637d25afc7c,app/src/main/java/in/wikio/ecourts/NativeCaseDetails.kt,475,interface-use,"chevron-up, chevron-down",chevron-up;chevron-down,perform / MIcon,https://github.com/vigarepo2/eCourts/blob/6a1f600624981355b519fd83a1908637d25afc7c/app/src/main/java/in/wikio/ecourts/NativeCaseDetails.kt#L475
main,6a1f600624981355b519fd83a1908637d25afc7c,app/src/main/java/in/wikio/ecourts/NativeCaseDetails.kt,482,interface-use,download,download,perform / CompactDocumentAction,https://github.com/vigarepo2/eCourts/blob/6a1f600624981355b519fd83a1908637d25afc7c/app/src/main/java/in/wikio/ecourts/NativeCaseDetails.kt#L482
main,6a1f600624981355b519fd83a1908637d25afc7c,app/src/main/java/in/wikio/ecourts/NativeCaseDetails.kt,483,interface-use,share,share,perform / CompactDocumentAction,https://github.com/vigarepo2/eCourts/blob/6a1f600624981355b519fd83a1908637d25afc7c/app/src/main/java/in/wikio/ecourts/NativeCaseDetails.kt#L483
main,6a1f600624981355b519fd83a1908637d25afc7c,app/src/main/java/in/wikio/ecourts/NativeCaseDetails.kt,519,interface-use,note,empty-notes,CaseNotes / EmptyState,https://github.com/vigarepo2/eCourts/blob/6a1f600624981355b519fd83a1908637d25afc7c/app/src/main/java/in/wikio/ecourts/NativeCaseDetails.kt#L519
main,6a1f600624981355b519fd83a1908637d25afc7c,app/src/main/java/in/wikio/ecourts/NativeCaseDetails.kt,132,action-data,add,add,Save to profile,https://github.com/vigarepo2/eCourts/blob/6a1f600624981355b519fd83a1908637d25afc7c/app/src/main/java/in/wikio/ecourts/NativeCaseDetails.kt#L132
main,6a1f600624981355b519fd83a1908637d25afc7c,app/src/main/java/in/wikio/ecourts/NativeCaseDetails.kt,133,action-data,refresh,refresh,Refresh,https://github.com/vigarepo2/eCourts/blob/6a1f600624981355b519fd83a1908637d25afc7c/app/src/main/java/in/wikio/ecourts/NativeCaseDetails.kt#L133
main,6a1f600624981355b519fd83a1908637d25afc7c,app/src/main/java/in/wikio/ecourts/NativeCaseDetails.kt,134,action-data,file,document,Case data,https://github.com/vigarepo2/eCourts/blob/6a1f600624981355b519fd83a1908637d25afc7c/app/src/main/java/in/wikio/ecourts/NativeCaseDetails.kt#L134
main,6a1f600624981355b519fd83a1908637d25afc7c,app/src/main/java/in/wikio/ecourts/NativeCaseDetails.kt,136,action-data,history,history,Full history,https://github.com/vigarepo2/eCourts/blob/6a1f600624981355b519fd83a1908637d25afc7c/app/src/main/java/in/wikio/ecourts/NativeCaseDetails.kt#L136
main,6a1f600624981355b519fd83a1908637d25afc7c,app/src/main/java/in/wikio/ecourts/NativeCaseDetails.kt,137,action-data,tag,tag,Case state,https://github.com/vigarepo2/eCourts/blob/6a1f600624981355b519fd83a1908637d25afc7c/app/src/main/java/in/wikio/ecourts/NativeCaseDetails.kt#L137
main,6a1f600624981355b519fd83a1908637d25afc7c,app/src/main/java/in/wikio/ecourts/NativeCaseDetails.kt,138,action-data,trash,trash,Remove case,https://github.com/vigarepo2/eCourts/blob/6a1f600624981355b519fd83a1908637d25afc7c/app/src/main/java/in/wikio/ecourts/NativeCaseDetails.kt#L138
main,6a1f600624981355b519fd83a1908637d25afc7c,app/src/main/java/in/wikio/ecourts/NativeCaseDetails.kt,95,text-status,StatusPill,status-pending;status-disposed;status-undated;status-error;warning,"CaseDetailScreen / currently text + colour; companion icons are optional, preserve status labels and logic.",https://github.com/vigarepo2/eCourts/blob/6a1f600624981355b519fd83a1908637d25afc7c/app/src/main/java/in/wikio/ecourts/NativeCaseDetails.kt#L95
main,6a1f600624981355b519fd83a1908637d25afc7c,app/src/main/java/in/wikio/ecourts/NativeCaseDetails.kt,407,text-status,StatusPill,status-pending;status-disposed;status-undated;status-error;warning,"HearingCard / currently text + colour; companion icons are optional, preserve status labels and logic.",https://github.com/vigarepo2/eCourts/blob/6a1f600624981355b519fd83a1908637d25afc7c/app/src/main/java/in/wikio/ecourts/NativeCaseDetails.kt#L407
main,6a1f600624981355b519fd83a1908637d25afc7c,app/src/main/java/in/wikio/ecourts/NativeCases.kt,126,interface-use,add,add,selectCase / RoundAction,https://github.com/vigarepo2/eCourts/blob/6a1f600624981355b519fd83a1908637d25afc7c/app/src/main/java/in/wikio/ecourts/NativeCases.kt#L126
main,6a1f600624981355b519fd83a1908637d25afc7c,app/src/main/java/in/wikio/ecourts/NativeCases.kt,132,interface-use,search,search,selectCase / MIcon,https://github.com/vigarepo2/eCourts/blob/6a1f600624981355b519fd83a1908637d25afc7c/app/src/main/java/in/wikio/ecourts/NativeCases.kt#L132
main,6a1f600624981355b519fd83a1908637d25afc7c,app/src/main/java/in/wikio/ecourts/NativeCases.kt,134,interface-use,close,close,selectCase / MIcon,https://github.com/vigarepo2/eCourts/blob/6a1f600624981355b519fd83a1908637d25afc7c/app/src/main/java/in/wikio/ecourts/NativeCases.kt#L134
main,6a1f600624981355b519fd83a1908637d25afc7c,app/src/main/java/in/wikio/ecourts/NativeCases.kt,147,control-state,Checkbox,checkbox-off;checkbox-on,selectCase,https://github.com/vigarepo2/eCourts/blob/6a1f600624981355b519fd83a1908637d25afc7c/app/src/main/java/in/wikio/ecourts/NativeCases.kt#L147
main,6a1f600624981355b519fd83a1908637d25afc7c,app/src/main/java/in/wikio/ecourts/NativeCases.kt,154,interface-use,refresh,refresh,selectCase / MIcon,https://github.com/vigarepo2/eCourts/blob/6a1f600624981355b519fd83a1908637d25afc7c/app/src/main/java/in/wikio/ecourts/NativeCases.kt#L154
main,6a1f600624981355b519fd83a1908637d25afc7c,app/src/main/java/in/wikio/ecourts/NativeCases.kt,161,interface-use,history,history,selectCase / MIcon,https://github.com/vigarepo2/eCourts/blob/6a1f600624981355b519fd83a1908637d25afc7c/app/src/main/java/in/wikio/ecourts/NativeCases.kt#L161
main,6a1f600624981355b519fd83a1908637d25afc7c,app/src/main/java/in/wikio/ecourts/NativeCases.kt,168,interface-use,trash,trash,selectCase / MIcon,https://github.com/vigarepo2/eCourts/blob/6a1f600624981355b519fd83a1908637d25afc7c/app/src/main/java/in/wikio/ecourts/NativeCases.kt#L168
main,6a1f600624981355b519fd83a1908637d25afc7c,app/src/main/java/in/wikio/ecourts/NativeCases.kt,176,interface-use,refresh,refresh,selectCase / NativeRow,https://github.com/vigarepo2/eCourts/blob/6a1f600624981355b519fd83a1908637d25afc7c/app/src/main/java/in/wikio/ecourts/NativeCases.kt#L176
main,6a1f600624981355b519fd83a1908637d25afc7c,app/src/main/java/in/wikio/ecourts/NativeCases.kt,179,control-state,LinearProgressIndicator,progress,selectCase,https://github.com/vigarepo2/eCourts/blob/6a1f600624981355b519fd83a1908637d25afc7c/app/src/main/java/in/wikio/ecourts/NativeCases.kt#L179
main,6a1f600624981355b519fd83a1908637d25afc7c,app/src/main/java/in/wikio/ecourts/NativeCases.kt,182,control-state,LinearProgressIndicator,progress,selectCase,https://github.com/vigarepo2/eCourts/blob/6a1f600624981355b519fd83a1908637d25afc7c/app/src/main/java/in/wikio/ecourts/NativeCases.kt#L182
main,6a1f600624981355b519fd83a1908637d25afc7c,app/src/main/java/in/wikio/ecourts/NativeCases.kt,184,interface-use,briefcase,empty-cases,selectCase / EmptyState,https://github.com/vigarepo2/eCourts/blob/6a1f600624981355b519fd83a1908637d25afc7c/app/src/main/java/in/wikio/ecourts/NativeCases.kt#L184
main,6a1f600624981355b519fd83a1908637d25afc7c,app/src/main/java/in/wikio/ecourts/NativeCases.kt,203,interface-use,"court, folder",courthouse;folder,selectCase / NativeRow,https://github.com/vigarepo2/eCourts/blob/6a1f600624981355b519fd83a1908637d25afc7c/app/src/main/java/in/wikio/ecourts/NativeCases.kt#L203
main,6a1f600624981355b519fd83a1908637d25afc7c,app/src/main/java/in/wikio/ecourts/NativeCases.kt,310,control-state,Checkbox,checkbox-off;checkbox-on,NativeCaseCard,https://github.com/vigarepo2/eCourts/blob/6a1f600624981355b519fd83a1908637d25afc7c/app/src/main/java/in/wikio/ecourts/NativeCases.kt#L310
main,6a1f600624981355b519fd83a1908637d25afc7c,app/src/main/java/in/wikio/ecourts/NativeCases.kt,312,interface-use,star,star,NativeCaseCard / MIcon,https://github.com/vigarepo2/eCourts/blob/6a1f600624981355b519fd83a1908637d25afc7c/app/src/main/java/in/wikio/ecourts/NativeCases.kt#L312
main,6a1f600624981355b519fd83a1908637d25afc7c,app/src/main/java/in/wikio/ecourts/NativeCases.kt,316,interface-use,more,more,NativeCaseCard / MIcon,https://github.com/vigarepo2/eCourts/blob/6a1f600624981355b519fd83a1908637d25afc7c/app/src/main/java/in/wikio/ecourts/NativeCases.kt#L316
main,6a1f600624981355b519fd83a1908637d25afc7c,app/src/main/java/in/wikio/ecourts/NativeCases.kt,321,interface-use,trash,trash,NativeCaseCard / MIcon,https://github.com/vigarepo2/eCourts/blob/6a1f600624981355b519fd83a1908637d25afc7c/app/src/main/java/in/wikio/ecourts/NativeCases.kt#L321
main,6a1f600624981355b519fd83a1908637d25afc7c,app/src/main/java/in/wikio/ecourts/NativeCases.kt,338,interface-use,"tag, note",tag;note,NativeCaseCard / MIcon,https://github.com/vigarepo2/eCourts/blob/6a1f600624981355b519fd83a1908637d25afc7c/app/src/main/java/in/wikio/ecourts/NativeCases.kt#L338
main,6a1f600624981355b519fd83a1908637d25afc7c,app/src/main/java/in/wikio/ecourts/NativeCases.kt,313,text-status,StatusPill,status-pending;status-disposed;status-undated;status-error;warning,"NativeCaseCard / currently text + colour; companion icons are optional, preserve status labels and logic.",https://github.com/vigarepo2/eCourts/blob/6a1f600624981355b519fd83a1908637d25afc7c/app/src/main/java/in/wikio/ecourts/NativeCases.kt#L313
main,6a1f600624981355b519fd83a1908637d25afc7c,app/src/main/java/in/wikio/ecourts/NativeDesign.kt,409,declared-symbol,case,briefcase,MIcon compatibility name; use records distinguish active use from an available renderer definition.,https://github.com/vigarepo2/eCourts/blob/6a1f600624981355b519fd83a1908637d25afc7c/app/src/main/java/in/wikio/ecourts/NativeDesign.kt#L409
main,6a1f600624981355b519fd83a1908637d25afc7c,app/src/main/java/in/wikio/ecourts/NativeDesign.kt,409,declared-symbol,briefcase,briefcase,MIcon compatibility name; use records distinguish active use from an available renderer definition.,https://github.com/vigarepo2/eCourts/blob/6a1f600624981355b519fd83a1908637d25afc7c/app/src/main/java/in/wikio/ecourts/NativeDesign.kt#L409
main,6a1f600624981355b519fd83a1908637d25afc7c,app/src/main/java/in/wikio/ecourts/NativeDesign.kt,410,declared-symbol,calendar,calendar,MIcon compatibility name; use records distinguish active use from an available renderer definition.,https://github.com/vigarepo2/eCourts/blob/6a1f600624981355b519fd83a1908637d25afc7c/app/src/main/java/in/wikio/ecourts/NativeDesign.kt#L410
main,6a1f600624981355b519fd83a1908637d25afc7c,app/src/main/java/in/wikio/ecourts/NativeDesign.kt,411,declared-symbol,search,search,MIcon compatibility name; use records distinguish active use from an available renderer definition.,https://github.com/vigarepo2/eCourts/blob/6a1f600624981355b519fd83a1908637d25afc7c/app/src/main/java/in/wikio/ecourts/NativeDesign.kt#L411
main,6a1f600624981355b519fd83a1908637d25afc7c,app/src/main/java/in/wikio/ecourts/NativeDesign.kt,412,declared-symbol,shield_search,fir-search,MIcon compatibility name; use records distinguish active use from an available renderer definition.,https://github.com/vigarepo2/eCourts/blob/6a1f600624981355b519fd83a1908637d25afc7c/app/src/main/java/in/wikio/ecourts/NativeDesign.kt#L412
main,6a1f600624981355b519fd83a1908637d25afc7c,app/src/main/java/in/wikio/ecourts/NativeDesign.kt,413,declared-symbol,hash,case-number,MIcon compatibility name; use records distinguish active use from an available renderer definition.,https://github.com/vigarepo2/eCourts/blob/6a1f600624981355b519fd83a1908637d25afc7c/app/src/main/java/in/wikio/ecourts/NativeDesign.kt#L413
main,6a1f600624981355b519fd83a1908637d25afc7c,app/src/main/java/in/wikio/ecourts/NativeDesign.kt,414,declared-symbol,scan,cnr,MIcon compatibility name; use records distinguish active use from an available renderer definition.,https://github.com/vigarepo2/eCourts/blob/6a1f600624981355b519fd83a1908637d25afc7c/app/src/main/java/in/wikio/ecourts/NativeDesign.kt#L414
main,6a1f600624981355b519fd83a1908637d25afc7c,app/src/main/java/in/wikio/ecourts/NativeDesign.kt,415,declared-symbol,settings,settings,MIcon compatibility name; use records distinguish active use from an available renderer definition.,https://github.com/vigarepo2/eCourts/blob/6a1f600624981355b519fd83a1908637d25afc7c/app/src/main/java/in/wikio/ecourts/NativeDesign.kt#L415
main,6a1f600624981355b519fd83a1908637d25afc7c,app/src/main/java/in/wikio/ecourts/NativeDesign.kt,416,declared-symbol,add,add,MIcon compatibility name; use records distinguish active use from an available renderer definition.,https://github.com/vigarepo2/eCourts/blob/6a1f600624981355b519fd83a1908637d25afc7c/app/src/main/java/in/wikio/ecourts/NativeDesign.kt#L416
main,6a1f600624981355b519fd83a1908637d25afc7c,app/src/main/java/in/wikio/ecourts/NativeDesign.kt,416,declared-symbol,plus,add,MIcon compatibility name; use records distinguish active use from an available renderer definition.,https://github.com/vigarepo2/eCourts/blob/6a1f600624981355b519fd83a1908637d25afc7c/app/src/main/java/in/wikio/ecourts/NativeDesign.kt#L416
main,6a1f600624981355b519fd83a1908637d25afc7c,app/src/main/java/in/wikio/ecourts/NativeDesign.kt,417,declared-symbol,back,arrow-left,MIcon compatibility name; use records distinguish active use from an available renderer definition.,https://github.com/vigarepo2/eCourts/blob/6a1f600624981355b519fd83a1908637d25afc7c/app/src/main/java/in/wikio/ecourts/NativeDesign.kt#L417
main,6a1f600624981355b519fd83a1908637d25afc7c,app/src/main/java/in/wikio/ecourts/NativeDesign.kt,418,declared-symbol,close,close,MIcon compatibility name; use records distinguish active use from an available renderer definition.,https://github.com/vigarepo2/eCourts/blob/6a1f600624981355b519fd83a1908637d25afc7c/app/src/main/java/in/wikio/ecourts/NativeDesign.kt#L418
main,6a1f600624981355b519fd83a1908637d25afc7c,app/src/main/java/in/wikio/ecourts/NativeDesign.kt,419,declared-symbol,more,more,MIcon compatibility name; use records distinguish active use from an available renderer definition.,https://github.com/vigarepo2/eCourts/blob/6a1f600624981355b519fd83a1908637d25afc7c/app/src/main/java/in/wikio/ecourts/NativeDesign.kt#L419
main,6a1f600624981355b519fd83a1908637d25afc7c,app/src/main/java/in/wikio/ecourts/NativeDesign.kt,420,declared-symbol,chevron,chevron-right,MIcon compatibility name; use records distinguish active use from an available renderer definition.,https://github.com/vigarepo2/eCourts/blob/6a1f600624981355b519fd83a1908637d25afc7c/app/src/main/java/in/wikio/ecourts/NativeDesign.kt#L420
main,6a1f600624981355b519fd83a1908637d25afc7c,app/src/main/java/in/wikio/ecourts/NativeDesign.kt,420,declared-symbol,chevron_right,chevron-right,MIcon compatibility name; use records distinguish active use from an available renderer definition.,https://github.com/vigarepo2/eCourts/blob/6a1f600624981355b519fd83a1908637d25afc7c/app/src/main/java/in/wikio/ecourts/NativeDesign.kt#L420
main,6a1f600624981355b519fd83a1908637d25afc7c,app/src/main/java/in/wikio/ecourts/NativeDesign.kt,421,declared-symbol,chevron_left,chevron-left,MIcon compatibility name; use records distinguish active use from an available renderer definition.,https://github.com/vigarepo2/eCourts/blob/6a1f600624981355b519fd83a1908637d25afc7c/app/src/main/java/in/wikio/ecourts/NativeDesign.kt#L421
main,6a1f600624981355b519fd83a1908637d25afc7c,app/src/main/java/in/wikio/ecourts/NativeDesign.kt,422,declared-symbol,chevron_up,chevron-up,MIcon compatibility name; use records distinguish active use from an available renderer definition.,https://github.com/vigarepo2/eCourts/blob/6a1f600624981355b519fd83a1908637d25afc7c/app/src/main/java/in/wikio/ecourts/NativeDesign.kt#L422
main,6a1f600624981355b519fd83a1908637d25afc7c,app/src/main/java/in/wikio/ecourts/NativeDesign.kt,423,declared-symbol,chevron_down,chevron-down,MIcon compatibility name; use records distinguish active use from an available renderer definition.,https://github.com/vigarepo2/eCourts/blob/6a1f600624981355b519fd83a1908637d25afc7c/app/src/main/java/in/wikio/ecourts/NativeDesign.kt#L423
main,6a1f600624981355b519fd83a1908637d25afc7c,app/src/main/java/in/wikio/ecourts/NativeDesign.kt,424,declared-symbol,refresh,refresh,MIcon compatibility name; use records distinguish active use from an available renderer definition.,https://github.com/vigarepo2/eCourts/blob/6a1f600624981355b519fd83a1908637d25afc7c/app/src/main/java/in/wikio/ecourts/NativeDesign.kt#L424
main,6a1f600624981355b519fd83a1908637d25afc7c,app/src/main/java/in/wikio/ecourts/NativeDesign.kt,424,declared-symbol,sync,refresh,MIcon compatibility name; use records distinguish active use from an available renderer definition.,https://github.com/vigarepo2/eCourts/blob/6a1f600624981355b519fd83a1908637d25afc7c/app/src/main/java/in/wikio/ecourts/NativeDesign.kt#L424
main,6a1f600624981355b519fd83a1908637d25afc7c,app/src/main/java/in/wikio/ecourts/NativeDesign.kt,425,declared-symbol,import,import,MIcon compatibility name; use records distinguish active use from an available renderer definition.,https://github.com/vigarepo2/eCourts/blob/6a1f600624981355b519fd83a1908637d25afc7c/app/src/main/java/in/wikio/ecourts/NativeDesign.kt#L425
main,6a1f600624981355b519fd83a1908637d25afc7c,app/src/main/java/in/wikio/ecourts/NativeDesign.kt,426,declared-symbol,export,export,MIcon compatibility name; use records distinguish active use from an available renderer definition.,https://github.com/vigarepo2/eCourts/blob/6a1f600624981355b519fd83a1908637d25afc7c/app/src/main/java/in/wikio/ecourts/NativeDesign.kt#L426
main,6a1f600624981355b519fd83a1908637d25afc7c,app/src/main/java/in/wikio/ecourts/NativeDesign.kt,427,declared-symbol,download,download,MIcon compatibility name; use records distinguish active use from an available renderer definition.,https://github.com/vigarepo2/eCourts/blob/6a1f600624981355b519fd83a1908637d25afc7c/app/src/main/java/in/wikio/ecourts/NativeDesign.kt#L427
main,6a1f600624981355b519fd83a1908637d25afc7c,app/src/main/java/in/wikio/ecourts/NativeDesign.kt,428,declared-symbol,link,link,MIcon compatibility name; use records distinguish active use from an available renderer definition.,https://github.com/vigarepo2/eCourts/blob/6a1f600624981355b519fd83a1908637d25afc7c/app/src/main/java/in/wikio/ecourts/NativeDesign.kt#L428
main,6a1f600624981355b519fd83a1908637d25afc7c,app/src/main/java/in/wikio/ecourts/NativeDesign.kt,429,declared-symbol,share,share,MIcon compatibility name; use records distinguish active use from an available renderer definition.,https://github.com/vigarepo2/eCourts/blob/6a1f600624981355b519fd83a1908637d25afc7c/app/src/main/java/in/wikio/ecourts/NativeDesign.kt#L429
main,6a1f600624981355b519fd83a1908637d25afc7c,app/src/main/java/in/wikio/ecourts/NativeDesign.kt,430,declared-symbol,star,star,MIcon compatibility name; use records distinguish active use from an available renderer definition.,https://github.com/vigarepo2/eCourts/blob/6a1f600624981355b519fd83a1908637d25afc7c/app/src/main/java/in/wikio/ecourts/NativeDesign.kt#L430
main,6a1f600624981355b519fd83a1908637d25afc7c,app/src/main/java/in/wikio/ecourts/NativeDesign.kt,430,declared-symbol,star_filled,star-filled,MIcon compatibility name; use records distinguish active use from an available renderer definition.,https://github.com/vigarepo2/eCourts/blob/6a1f600624981355b519fd83a1908637d25afc7c/app/src/main/java/in/wikio/ecourts/NativeDesign.kt#L430
main,6a1f600624981355b519fd83a1908637d25afc7c,app/src/main/java/in/wikio/ecourts/NativeDesign.kt,431,declared-symbol,note,note,MIcon compatibility name; use records distinguish active use from an available renderer definition.,https://github.com/vigarepo2/eCourts/blob/6a1f600624981355b519fd83a1908637d25afc7c/app/src/main/java/in/wikio/ecourts/NativeDesign.kt#L431
main,6a1f600624981355b519fd83a1908637d25afc7c,app/src/main/java/in/wikio/ecourts/NativeDesign.kt,432,declared-symbol,tag,tag,MIcon compatibility name; use records distinguish active use from an available renderer definition.,https://github.com/vigarepo2/eCourts/blob/6a1f600624981355b519fd83a1908637d25afc7c/app/src/main/java/in/wikio/ecourts/NativeDesign.kt#L432
main,6a1f600624981355b519fd83a1908637d25afc7c,app/src/main/java/in/wikio/ecourts/NativeDesign.kt,433,declared-symbol,check,check,MIcon compatibility name; use records distinguish active use from an available renderer definition.,https://github.com/vigarepo2/eCourts/blob/6a1f600624981355b519fd83a1908637d25afc7c/app/src/main/java/in/wikio/ecourts/NativeDesign.kt#L433
main,6a1f600624981355b519fd83a1908637d25afc7c,app/src/main/java/in/wikio/ecourts/NativeDesign.kt,434,declared-symbol,warning,warning,MIcon compatibility name; use records distinguish active use from an available renderer definition.,https://github.com/vigarepo2/eCourts/blob/6a1f600624981355b519fd83a1908637d25afc7c/app/src/main/java/in/wikio/ecourts/NativeDesign.kt#L434
main,6a1f600624981355b519fd83a1908637d25afc7c,app/src/main/java/in/wikio/ecourts/NativeDesign.kt,435,declared-symbol,info,info,MIcon compatibility name; use records distinguish active use from an available renderer definition.,https://github.com/vigarepo2/eCourts/blob/6a1f600624981355b519fd83a1908637d25afc7c/app/src/main/java/in/wikio/ecourts/NativeDesign.kt#L435
main,6a1f600624981355b519fd83a1908637d25afc7c,app/src/main/java/in/wikio/ecourts/NativeDesign.kt,435,declared-symbol,help,help,MIcon compatibility name; use records distinguish active use from an available renderer definition.,https://github.com/vigarepo2/eCourts/blob/6a1f600624981355b519fd83a1908637d25afc7c/app/src/main/java/in/wikio/ecourts/NativeDesign.kt#L435
main,6a1f600624981355b519fd83a1908637d25afc7c,app/src/main/java/in/wikio/ecourts/NativeDesign.kt,436,declared-symbol,lock,lock,MIcon compatibility name; use records distinguish active use from an available renderer definition.,https://github.com/vigarepo2/eCourts/blob/6a1f600624981355b519fd83a1908637d25afc7c/app/src/main/java/in/wikio/ecourts/NativeDesign.kt#L436
main,6a1f600624981355b519fd83a1908637d25afc7c,app/src/main/java/in/wikio/ecourts/NativeDesign.kt,437,declared-symbol,moon,moon,MIcon compatibility name; use records distinguish active use from an available renderer definition.,https://github.com/vigarepo2/eCourts/blob/6a1f600624981355b519fd83a1908637d25afc7c/app/src/main/java/in/wikio/ecourts/NativeDesign.kt#L437
main,6a1f600624981355b519fd83a1908637d25afc7c,app/src/main/java/in/wikio/ecourts/NativeDesign.kt,438,declared-symbol,sun,sun,MIcon compatibility name; use records distinguish active use from an available renderer definition.,https://github.com/vigarepo2/eCourts/blob/6a1f600624981355b519fd83a1908637d25afc7c/app/src/main/java/in/wikio/ecourts/NativeDesign.kt#L438
main,6a1f600624981355b519fd83a1908637d25afc7c,app/src/main/java/in/wikio/ecourts/NativeDesign.kt,439,declared-symbol,system,display,MIcon compatibility name; use records distinguish active use from an available renderer definition.,https://github.com/vigarepo2/eCourts/blob/6a1f600624981355b519fd83a1908637d25afc7c/app/src/main/java/in/wikio/ecourts/NativeDesign.kt#L439
main,6a1f600624981355b519fd83a1908637d25afc7c,app/src/main/java/in/wikio/ecourts/NativeDesign.kt,440,declared-symbol,profile,person,MIcon compatibility name; use records distinguish active use from an available renderer definition.,https://github.com/vigarepo2/eCourts/blob/6a1f600624981355b519fd83a1908637d25afc7c/app/src/main/java/in/wikio/ecourts/NativeDesign.kt#L440
main,6a1f600624981355b519fd83a1908637d25afc7c,app/src/main/java/in/wikio/ecourts/NativeDesign.kt,440,declared-symbol,person,person,MIcon compatibility name; use records distinguish active use from an available renderer definition.,https://github.com/vigarepo2/eCourts/blob/6a1f600624981355b519fd83a1908637d25afc7c/app/src/main/java/in/wikio/ecourts/NativeDesign.kt#L440
main,6a1f600624981355b519fd83a1908637d25afc7c,app/src/main/java/in/wikio/ecourts/NativeDesign.kt,441,declared-symbol,folder,folder,MIcon compatibility name; use records distinguish active use from an available renderer definition.,https://github.com/vigarepo2/eCourts/blob/6a1f600624981355b519fd83a1908637d25afc7c/app/src/main/java/in/wikio/ecourts/NativeDesign.kt#L441
main,6a1f600624981355b519fd83a1908637d25afc7c,app/src/main/java/in/wikio/ecourts/NativeDesign.kt,442,declared-symbol,court,courthouse,MIcon compatibility name; use records distinguish active use from an available renderer definition.,https://github.com/vigarepo2/eCourts/blob/6a1f600624981355b519fd83a1908637d25afc7c/app/src/main/java/in/wikio/ecourts/NativeDesign.kt#L442
main,6a1f600624981355b519fd83a1908637d25afc7c,app/src/main/java/in/wikio/ecourts/NativeDesign.kt,443,declared-symbol,document,document,MIcon compatibility name; use records distinguish active use from an available renderer definition.,https://github.com/vigarepo2/eCourts/blob/6a1f600624981355b519fd83a1908637d25afc7c/app/src/main/java/in/wikio/ecourts/NativeDesign.kt#L443
main,6a1f600624981355b519fd83a1908637d25afc7c,app/src/main/java/in/wikio/ecourts/NativeDesign.kt,443,declared-symbol,file,document,MIcon compatibility name; use records distinguish active use from an available renderer definition.,https://github.com/vigarepo2/eCourts/blob/6a1f600624981355b519fd83a1908637d25afc7c/app/src/main/java/in/wikio/ecourts/NativeDesign.kt#L443
main,6a1f600624981355b519fd83a1908637d25afc7c,app/src/main/java/in/wikio/ecourts/NativeDesign.kt,444,declared-symbol,filter,filter,MIcon compatibility name; use records distinguish active use from an available renderer definition.,https://github.com/vigarepo2/eCourts/blob/6a1f600624981355b519fd83a1908637d25afc7c/app/src/main/java/in/wikio/ecourts/NativeDesign.kt#L444
main,6a1f600624981355b519fd83a1908637d25afc7c,app/src/main/java/in/wikio/ecourts/NativeDesign.kt,445,declared-symbol,sort,sort,MIcon compatibility name; use records distinguish active use from an available renderer definition.,https://github.com/vigarepo2/eCourts/blob/6a1f600624981355b519fd83a1908637d25afc7c/app/src/main/java/in/wikio/ecourts/NativeDesign.kt#L445
main,6a1f600624981355b519fd83a1908637d25afc7c,app/src/main/java/in/wikio/ecourts/NativeDesign.kt,446,declared-symbol,stop,stop,MIcon compatibility name; use records distinguish active use from an available renderer definition.,https://github.com/vigarepo2/eCourts/blob/6a1f600624981355b519fd83a1908637d25afc7c/app/src/main/java/in/wikio/ecourts/NativeDesign.kt#L446
main,6a1f600624981355b519fd83a1908637d25afc7c,app/src/main/java/in/wikio/ecourts/NativeDesign.kt,447,declared-symbol,trash,trash,MIcon compatibility name; use records distinguish active use from an available renderer definition.,https://github.com/vigarepo2/eCourts/blob/6a1f600624981355b519fd83a1908637d25afc7c/app/src/main/java/in/wikio/ecourts/NativeDesign.kt#L447
main,6a1f600624981355b519fd83a1908637d25afc7c,app/src/main/java/in/wikio/ecourts/NativeDesign.kt,447,declared-symbol,delete,trash,MIcon compatibility name; use records distinguish active use from an available renderer definition.,https://github.com/vigarepo2/eCourts/blob/6a1f600624981355b519fd83a1908637d25afc7c/app/src/main/java/in/wikio/ecourts/NativeDesign.kt#L447
main,6a1f600624981355b519fd83a1908637d25afc7c,app/src/main/java/in/wikio/ecourts/NativeDesign.kt,448,declared-symbol,edit,edit,MIcon compatibility name; use records distinguish active use from an available renderer definition.,https://github.com/vigarepo2/eCourts/blob/6a1f600624981355b519fd83a1908637d25afc7c/app/src/main/java/in/wikio/ecourts/NativeDesign.kt#L448
main,6a1f600624981355b519fd83a1908637d25afc7c,app/src/main/java/in/wikio/ecourts/NativeDesign.kt,449,declared-symbol,copy,copy,MIcon compatibility name; use records distinguish active use from an available renderer definition.,https://github.com/vigarepo2/eCourts/blob/6a1f600624981355b519fd83a1908637d25afc7c/app/src/main/java/in/wikio/ecourts/NativeDesign.kt#L449
main,6a1f600624981355b519fd83a1908637d25afc7c,app/src/main/java/in/wikio/ecourts/NativeDesign.kt,450,declared-symbol,network,wifi,MIcon compatibility name; use records distinguish active use from an available renderer definition.,https://github.com/vigarepo2/eCourts/blob/6a1f600624981355b519fd83a1908637d25afc7c/app/src/main/java/in/wikio/ecourts/NativeDesign.kt#L450
main,6a1f600624981355b519fd83a1908637d25afc7c,app/src/main/java/in/wikio/ecourts/NativeDesign.kt,450,declared-symbol,wifi,wifi,MIcon compatibility name; use records distinguish active use from an available renderer definition.,https://github.com/vigarepo2/eCourts/blob/6a1f600624981355b519fd83a1908637d25afc7c/app/src/main/java/in/wikio/ecourts/NativeDesign.kt#L450
main,6a1f600624981355b519fd83a1908637d25afc7c,app/src/main/java/in/wikio/ecourts/NativeDesign.kt,451,declared-symbol,eye,eye,MIcon compatibility name; use records distinguish active use from an available renderer definition.,https://github.com/vigarepo2/eCourts/blob/6a1f600624981355b519fd83a1908637d25afc7c/app/src/main/java/in/wikio/ecourts/NativeDesign.kt#L451
main,6a1f600624981355b519fd83a1908637d25afc7c,app/src/main/java/in/wikio/ecourts/NativeDesign.kt,452,declared-symbol,history,history,MIcon compatibility name; use records distinguish active use from an available renderer definition.,https://github.com/vigarepo2/eCourts/blob/6a1f600624981355b519fd83a1908637d25afc7c/app/src/main/java/in/wikio/ecourts/NativeDesign.kt#L452
main,6a1f600624981355b519fd83a1908637d25afc7c,app/src/main/java/in/wikio/ecourts/NativeDesign.kt,453,declared-symbol,gavel,gavel,MIcon compatibility name; use records distinguish active use from an available renderer definition.,https://github.com/vigarepo2/eCourts/blob/6a1f600624981355b519fd83a1908637d25afc7c/app/src/main/java/in/wikio/ecourts/NativeDesign.kt#L453
main,6a1f600624981355b519fd83a1908637d25afc7c,app/src/main/java/in/wikio/ecourts/NativeDesign.kt,454,declared-symbol,bell,bell,MIcon compatibility name; use records distinguish active use from an available renderer definition.,https://github.com/vigarepo2/eCourts/blob/6a1f600624981355b519fd83a1908637d25afc7c/app/src/main/java/in/wikio/ecourts/NativeDesign.kt#L454
main,6a1f600624981355b519fd83a1908637d25afc7c,app/src/main/java/in/wikio/ecourts/NativeDesign.kt,255,interface-use,chevron,chevron-right,NativeRow / MIcon,https://github.com/vigarepo2/eCourts/blob/6a1f600624981355b519fd83a1908637d25afc7c/app/src/main/java/in/wikio/ecourts/NativeDesign.kt#L255
main,6a1f600624981355b519fd83a1908637d25afc7c,app/src/main/java/in/wikio/ecourts/NativeDesign.kt,336,interface-use,copy,copy,CnrText / MIcon,https://github.com/vigarepo2/eCourts/blob/6a1f600624981355b519fd83a1908637d25afc7c/app/src/main/java/in/wikio/ecourts/NativeDesign.kt#L336
main,6a1f600624981355b519fd83a1908637d25afc7c,app/src/main/java/in/wikio/ecourts/NativeDesign.kt,319,text-status,nativeStatusColor,status-pending;status-disposed;status-undated;status-error;warning,"StatusPill / currently text + colour; companion icons are optional, preserve status labels and logic.",https://github.com/vigarepo2/eCourts/blob/6a1f600624981355b519fd83a1908637d25afc7c/app/src/main/java/in/wikio/ecourts/NativeDesign.kt#L319
main,6a1f600624981355b519fd83a1908637d25afc7c,app/src/main/java/in/wikio/ecourts/NativeFir.kt,70,control-state,CircularProgressIndicator,loading,NativeFirForm,https://github.com/vigarepo2/eCourts/blob/6a1f600624981355b519fd83a1908637d25afc7c/app/src/main/java/in/wikio/ecourts/NativeFir.kt#L70
main,6a1f600624981355b519fd83a1908637d25afc7c,app/src/main/java/in/wikio/ecourts/NativeFir.kt,73,interface-use,file,fir-document,NativeFirForm / MIcon,https://github.com/vigarepo2/eCourts/blob/6a1f600624981355b519fd83a1908637d25afc7c/app/src/main/java/in/wikio/ecourts/NativeFir.kt#L73
main,6a1f600624981355b519fd83a1908637d25afc7c,app/src/main/java/in/wikio/ecourts/NativeJson.kt,207,unicode-symbol,→,transfer,From-court to to-court separator. Keep accessible text; icon is an optional visual replacement.,https://github.com/vigarepo2/eCourts/blob/6a1f600624981355b519fd83a1908637d25afc7c/app/src/main/java/in/wikio/ecourts/NativeJson.kt#L207
main,6a1f600624981355b519fd83a1908637d25afc7c,app/src/main/java/in/wikio/ecourts/NativeProfiles.kt,266,profile-choice,scale,scales,Scales / Work,https://github.com/vigarepo2/eCourts/blob/6a1f600624981355b519fd83a1908637d25afc7c/app/src/main/java/in/wikio/ecourts/NativeProfiles.kt#L266
main,6a1f600624981355b519fd83a1908637d25afc7c,app/src/main/java/in/wikio/ecourts/NativeProfiles.kt,267,profile-choice,gavel,gavel,Gavel / Work,https://github.com/vigarepo2/eCourts/blob/6a1f600624981355b519fd83a1908637d25afc7c/app/src/main/java/in/wikio/ecourts/NativeProfiles.kt#L267
main,6a1f600624981355b519fd83a1908637d25afc7c,app/src/main/java/in/wikio/ecourts/NativeProfiles.kt,268,profile-choice,landmark,courthouse,Courthouse / Work,https://github.com/vigarepo2/eCourts/blob/6a1f600624981355b519fd83a1908637d25afc7c/app/src/main/java/in/wikio/ecourts/NativeProfiles.kt#L268
main,6a1f600624981355b519fd83a1908637d25afc7c,app/src/main/java/in/wikio/ecourts/NativeProfiles.kt,269,profile-choice,briefcase,briefcase,Briefcase / Work,https://github.com/vigarepo2/eCourts/blob/6a1f600624981355b519fd83a1908637d25afc7c/app/src/main/java/in/wikio/ecourts/NativeProfiles.kt#L269
main,6a1f600624981355b519fd83a1908637d25afc7c,app/src/main/java/in/wikio/ecourts/NativeProfiles.kt,270,profile-choice,book-open,book,Open book / Work,https://github.com/vigarepo2/eCourts/blob/6a1f600624981355b519fd83a1908637d25afc7c/app/src/main/java/in/wikio/ecourts/NativeProfiles.kt#L270
main,6a1f600624981355b519fd83a1908637d25afc7c,app/src/main/java/in/wikio/ecourts/NativeProfiles.kt,271,profile-choice,scroll-text,scroll,Scroll / Work,https://github.com/vigarepo2/eCourts/blob/6a1f600624981355b519fd83a1908637d25afc7c/app/src/main/java/in/wikio/ecourts/NativeProfiles.kt#L271
main,6a1f600624981355b519fd83a1908637d25afc7c,app/src/main/java/in/wikio/ecourts/NativeProfiles.kt,272,profile-choice,stamp,stamp,Stamp / Work,https://github.com/vigarepo2/eCourts/blob/6a1f600624981355b519fd83a1908637d25afc7c/app/src/main/java/in/wikio/ecourts/NativeProfiles.kt#L272
main,6a1f600624981355b519fd83a1908637d25afc7c,app/src/main/java/in/wikio/ecourts/NativeProfiles.kt,273,profile-choice,notebook-pen,notebook-pen,Notebook and pen / Work,https://github.com/vigarepo2/eCourts/blob/6a1f600624981355b519fd83a1908637d25afc7c/app/src/main/java/in/wikio/ecourts/NativeProfiles.kt#L273
main,6a1f600624981355b519fd83a1908637d25afc7c,app/src/main/java/in/wikio/ecourts/NativeProfiles.kt,274,profile-choice,clipboard-list,clipboard,Clipboard / Work,https://github.com/vigarepo2/eCourts/blob/6a1f600624981355b519fd83a1908637d25afc7c/app/src/main/java/in/wikio/ecourts/NativeProfiles.kt#L274
main,6a1f600624981355b519fd83a1908637d25afc7c,app/src/main/java/in/wikio/ecourts/NativeProfiles.kt,275,profile-choice,file-text,document,Document / Work,https://github.com/vigarepo2/eCourts/blob/6a1f600624981355b519fd83a1908637d25afc7c/app/src/main/java/in/wikio/ecourts/NativeProfiles.kt#L275
main,6a1f600624981355b519fd83a1908637d25afc7c,app/src/main/java/in/wikio/ecourts/NativeProfiles.kt,276,profile-choice,folder-open,folder,Folder / Work,https://github.com/vigarepo2/eCourts/blob/6a1f600624981355b519fd83a1908637d25afc7c/app/src/main/java/in/wikio/ecourts/NativeProfiles.kt#L276
main,6a1f600624981355b519fd83a1908637d25afc7c,app/src/main/java/in/wikio/ecourts/NativeProfiles.kt,277,profile-choice,archive,archive,Archive / Work,https://github.com/vigarepo2/eCourts/blob/6a1f600624981355b519fd83a1908637d25afc7c/app/src/main/java/in/wikio/ecourts/NativeProfiles.kt#L277
main,6a1f600624981355b519fd83a1908637d25afc7c,app/src/main/java/in/wikio/ecourts/NativeProfiles.kt,278,profile-choice,library-big,library,Library / Work,https://github.com/vigarepo2/eCourts/blob/6a1f600624981355b519fd83a1908637d25afc7c/app/src/main/java/in/wikio/ecourts/NativeProfiles.kt#L278
main,6a1f600624981355b519fd83a1908637d25afc7c,app/src/main/java/in/wikio/ecourts/NativeProfiles.kt,279,profile-choice,building-2,building,Office building / Work,https://github.com/vigarepo2/eCourts/blob/6a1f600624981355b519fd83a1908637d25afc7c/app/src/main/java/in/wikio/ecourts/NativeProfiles.kt#L279
main,6a1f600624981355b519fd83a1908637d25afc7c,app/src/main/java/in/wikio/ecourts/NativeProfiles.kt,280,profile-choice,presentation,presentation,Presentation / Work,https://github.com/vigarepo2/eCourts/blob/6a1f600624981355b519fd83a1908637d25afc7c/app/src/main/java/in/wikio/ecourts/NativeProfiles.kt#L280
main,6a1f600624981355b519fd83a1908637d25afc7c,app/src/main/java/in/wikio/ecourts/NativeProfiles.kt,281,profile-choice,handshake,handshake,Handshake / Work,https://github.com/vigarepo2/eCourts/blob/6a1f600624981355b519fd83a1908637d25afc7c/app/src/main/java/in/wikio/ecourts/NativeProfiles.kt#L281
main,6a1f600624981355b519fd83a1908637d25afc7c,app/src/main/java/in/wikio/ecourts/NativeProfiles.kt,282,profile-choice,graduation-cap,graduation,Graduation cap / Work,https://github.com/vigarepo2/eCourts/blob/6a1f600624981355b519fd83a1908637d25afc7c/app/src/main/java/in/wikio/ecourts/NativeProfiles.kt#L282
main,6a1f600624981355b519fd83a1908637d25afc7c,app/src/main/java/in/wikio/ecourts/NativeProfiles.kt,283,profile-choice,medal,medal,Medal / Work,https://github.com/vigarepo2/eCourts/blob/6a1f600624981355b519fd83a1908637d25afc7c/app/src/main/java/in/wikio/ecourts/NativeProfiles.kt#L283
main,6a1f600624981355b519fd83a1908637d25afc7c,app/src/main/java/in/wikio/ecourts/NativeProfiles.kt,284,profile-choice,user-round,person,Person / People,https://github.com/vigarepo2/eCourts/blob/6a1f600624981355b519fd83a1908637d25afc7c/app/src/main/java/in/wikio/ecourts/NativeProfiles.kt#L284
main,6a1f600624981355b519fd83a1908637d25afc7c,app/src/main/java/in/wikio/ecourts/NativeProfiles.kt,285,profile-choice,users-round,people,People / People,https://github.com/vigarepo2/eCourts/blob/6a1f600624981355b519fd83a1908637d25afc7c/app/src/main/java/in/wikio/ecourts/NativeProfiles.kt#L285
main,6a1f600624981355b519fd83a1908637d25afc7c,app/src/main/java/in/wikio/ecourts/NativeProfiles.kt,286,profile-choice,contact-round,contact,Contact / People,https://github.com/vigarepo2/eCourts/blob/6a1f600624981355b519fd83a1908637d25afc7c/app/src/main/java/in/wikio/ecourts/NativeProfiles.kt#L286
main,6a1f600624981355b519fd83a1908637d25afc7c,app/src/main/java/in/wikio/ecourts/NativeProfiles.kt,287,profile-choice,glasses,glasses,Glasses / People,https://github.com/vigarepo2/eCourts/blob/6a1f600624981355b519fd83a1908637d25afc7c/app/src/main/java/in/wikio/ecourts/NativeProfiles.kt#L287
main,6a1f600624981355b519fd83a1908637d25afc7c,app/src/main/java/in/wikio/ecourts/NativeProfiles.kt,288,profile-choice,ear,ear,Ear / People,https://github.com/vigarepo2/eCourts/blob/6a1f600624981355b519fd83a1908637d25afc7c/app/src/main/java/in/wikio/ecourts/NativeProfiles.kt#L288
main,6a1f600624981355b519fd83a1908637d25afc7c,app/src/main/java/in/wikio/ecourts/NativeProfiles.kt,289,profile-choice,accessibility,accessibility,Accessibility / People,https://github.com/vigarepo2/eCourts/blob/6a1f600624981355b519fd83a1908637d25afc7c/app/src/main/java/in/wikio/ecourts/NativeProfiles.kt#L289
main,6a1f600624981355b519fd83a1908637d25afc7c,app/src/main/java/in/wikio/ecourts/NativeProfiles.kt,290,profile-choice,baby,baby,Baby / People,https://github.com/vigarepo2/eCourts/blob/6a1f600624981355b519fd83a1908637d25afc7c/app/src/main/java/in/wikio/ecourts/NativeProfiles.kt#L290
main,6a1f600624981355b519fd83a1908637d25afc7c,app/src/main/java/in/wikio/ecourts/NativeProfiles.kt,291,profile-choice,person-standing,standing,Standing person / People,https://github.com/vigarepo2/eCourts/blob/6a1f600624981355b519fd83a1908637d25afc7c/app/src/main/java/in/wikio/ecourts/NativeProfiles.kt#L291
main,6a1f600624981355b519fd83a1908637d25afc7c,app/src/main/java/in/wikio/ecourts/NativeProfiles.kt,292,profile-choice,footprints,footprints,Footprints / People,https://github.com/vigarepo2/eCourts/blob/6a1f600624981355b519fd83a1908637d25afc7c/app/src/main/java/in/wikio/ecourts/NativeProfiles.kt#L292
main,6a1f600624981355b519fd83a1908637d25afc7c,app/src/main/java/in/wikio/ecourts/NativeProfiles.kt,293,profile-choice,hand,hand,Hand / People,https://github.com/vigarepo2/eCourts/blob/6a1f600624981355b519fd83a1908637d25afc7c/app/src/main/java/in/wikio/ecourts/NativeProfiles.kt#L293
main,6a1f600624981355b519fd83a1908637d25afc7c,app/src/main/java/in/wikio/ecourts/NativeProfiles.kt,294,profile-choice,heart-handshake,care,Helping hands / People,https://github.com/vigarepo2/eCourts/blob/6a1f600624981355b519fd83a1908637d25afc7c/app/src/main/java/in/wikio/ecourts/NativeProfiles.kt#L294
main,6a1f600624981355b519fd83a1908637d25afc7c,app/src/main/java/in/wikio/ecourts/NativeProfiles.kt,295,profile-choice,brain,brain,Brain / People,https://github.com/vigarepo2/eCourts/blob/6a1f600624981355b519fd83a1908637d25afc7c/app/src/main/java/in/wikio/ecourts/NativeProfiles.kt#L295
main,6a1f600624981355b519fd83a1908637d25afc7c,app/src/main/java/in/wikio/ecourts/NativeProfiles.kt,296,profile-choice,eye,eye,Eye / People,https://github.com/vigarepo2/eCourts/blob/6a1f600624981355b519fd83a1908637d25afc7c/app/src/main/java/in/wikio/ecourts/NativeProfiles.kt#L296
main,6a1f600624981355b519fd83a1908637d25afc7c,app/src/main/java/in/wikio/ecourts/NativeProfiles.kt,297,profile-choice,smile,smile,Smile / People,https://github.com/vigarepo2/eCourts/blob/6a1f600624981355b519fd83a1908637d25afc7c/app/src/main/java/in/wikio/ecourts/NativeProfiles.kt#L297
main,6a1f600624981355b519fd83a1908637d25afc7c,app/src/main/java/in/wikio/ecourts/NativeProfiles.kt,298,profile-choice,laugh,laugh,Laugh / People,https://github.com/vigarepo2/eCourts/blob/6a1f600624981355b519fd83a1908637d25afc7c/app/src/main/java/in/wikio/ecourts/NativeProfiles.kt#L298
main,6a1f600624981355b519fd83a1908637d25afc7c,app/src/main/java/in/wikio/ecourts/NativeProfiles.kt,299,profile-choice,venetian-mask,theatre,Theatre masks / People,https://github.com/vigarepo2/eCourts/blob/6a1f600624981355b519fd83a1908637d25afc7c/app/src/main/java/in/wikio/ecourts/NativeProfiles.kt#L299
main,6a1f600624981355b519fd83a1908637d25afc7c,app/src/main/java/in/wikio/ecourts/NativeProfiles.kt,300,profile-choice,crown,crown,Crown / People,https://github.com/vigarepo2/eCourts/blob/6a1f600624981355b519fd83a1908637d25afc7c/app/src/main/java/in/wikio/ecourts/NativeProfiles.kt#L300
main,6a1f600624981355b519fd83a1908637d25afc7c,app/src/main/java/in/wikio/ecourts/NativeProfiles.kt,301,profile-choice,shield-check,shield,Shield / People,https://github.com/vigarepo2/eCourts/blob/6a1f600624981355b519fd83a1908637d25afc7c/app/src/main/java/in/wikio/ecourts/NativeProfiles.kt#L301
main,6a1f600624981355b519fd83a1908637d25afc7c,app/src/main/java/in/wikio/ecourts/NativeProfiles.kt,302,profile-choice,star,star,Star / Shapes,https://github.com/vigarepo2/eCourts/blob/6a1f600624981355b519fd83a1908637d25afc7c/app/src/main/java/in/wikio/ecourts/NativeProfiles.kt#L302
main,6a1f600624981355b519fd83a1908637d25afc7c,app/src/main/java/in/wikio/ecourts/NativeProfiles.kt,303,profile-choice,heart,heart,Heart / Shapes,https://github.com/vigarepo2/eCourts/blob/6a1f600624981355b519fd83a1908637d25afc7c/app/src/main/java/in/wikio/ecourts/NativeProfiles.kt#L303
main,6a1f600624981355b519fd83a1908637d25afc7c,app/src/main/java/in/wikio/ecourts/NativeProfiles.kt,304,profile-choice,diamond,diamond,Diamond / Shapes,https://github.com/vigarepo2/eCourts/blob/6a1f600624981355b519fd83a1908637d25afc7c/app/src/main/java/in/wikio/ecourts/NativeProfiles.kt#L304
main,6a1f600624981355b519fd83a1908637d25afc7c,app/src/main/java/in/wikio/ecourts/NativeProfiles.kt,305,profile-choice,hexagon,hexagon,Hexagon / Shapes,https://github.com/vigarepo2/eCourts/blob/6a1f600624981355b519fd83a1908637d25afc7c/app/src/main/java/in/wikio/ecourts/NativeProfiles.kt#L305
main,6a1f600624981355b519fd83a1908637d25afc7c,app/src/main/java/in/wikio/ecourts/NativeProfiles.kt,306,profile-choice,triangle,triangle,Triangle / Shapes,https://github.com/vigarepo2/eCourts/blob/6a1f600624981355b519fd83a1908637d25afc7c/app/src/main/java/in/wikio/ecourts/NativeProfiles.kt#L306
main,6a1f600624981355b519fd83a1908637d25afc7c,app/src/main/java/in/wikio/ecourts/NativeProfiles.kt,307,profile-choice,circle,circle,Circle / Shapes,https://github.com/vigarepo2/eCourts/blob/6a1f600624981355b519fd83a1908637d25afc7c/app/src/main/java/in/wikio/ecourts/NativeProfiles.kt#L307
main,6a1f600624981355b519fd83a1908637d25afc7c,app/src/main/java/in/wikio/ecourts/NativeProfiles.kt,308,profile-choice,square,square,Square / Shapes,https://github.com/vigarepo2/eCourts/blob/6a1f600624981355b519fd83a1908637d25afc7c/app/src/main/java/in/wikio/ecourts/NativeProfiles.kt#L308
main,6a1f600624981355b519fd83a1908637d25afc7c,app/src/main/java/in/wikio/ecourts/NativeProfiles.kt,309,profile-choice,pentagon,pentagon,Pentagon / Shapes,https://github.com/vigarepo2/eCourts/blob/6a1f600624981355b519fd83a1908637d25afc7c/app/src/main/java/in/wikio/ecourts/NativeProfiles.kt#L309
main,6a1f600624981355b519fd83a1908637d25afc7c,app/src/main/java/in/wikio/ecourts/NativeProfiles.kt,310,profile-choice,octagon,octagon,Octagon / Shapes,https://github.com/vigarepo2/eCourts/blob/6a1f600624981355b519fd83a1908637d25afc7c/app/src/main/java/in/wikio/ecourts/NativeProfiles.kt#L310
main,6a1f600624981355b519fd83a1908637d25afc7c,app/src/main/java/in/wikio/ecourts/NativeProfiles.kt,311,profile-choice,infinity,infinity,Infinity / Shapes,https://github.com/vigarepo2/eCourts/blob/6a1f600624981355b519fd83a1908637d25afc7c/app/src/main/java/in/wikio/ecourts/NativeProfiles.kt#L311
main,6a1f600624981355b519fd83a1908637d25afc7c,app/src/main/java/in/wikio/ecourts/NativeProfiles.kt,312,profile-choice,orbit,orbit,Orbit / Shapes,https://github.com/vigarepo2/eCourts/blob/6a1f600624981355b519fd83a1908637d25afc7c/app/src/main/java/in/wikio/ecourts/NativeProfiles.kt#L312
main,6a1f600624981355b519fd83a1908637d25afc7c,app/src/main/java/in/wikio/ecourts/NativeProfiles.kt,313,profile-choice,atom,atom,Atom / Shapes,https://github.com/vigarepo2/eCourts/blob/6a1f600624981355b519fd83a1908637d25afc7c/app/src/main/java/in/wikio/ecourts/NativeProfiles.kt#L313
main,6a1f600624981355b519fd83a1908637d25afc7c,app/src/main/java/in/wikio/ecourts/NativeProfiles.kt,314,profile-choice,asterisk,asterisk,Asterisk / Shapes,https://github.com/vigarepo2/eCourts/blob/6a1f600624981355b519fd83a1908637d25afc7c/app/src/main/java/in/wikio/ecourts/NativeProfiles.kt#L314
main,6a1f600624981355b519fd83a1908637d25afc7c,app/src/main/java/in/wikio/ecourts/NativeProfiles.kt,315,profile-choice,sparkle,sparkle,Sparkle / Shapes,https://github.com/vigarepo2/eCourts/blob/6a1f600624981355b519fd83a1908637d25afc7c/app/src/main/java/in/wikio/ecourts/NativeProfiles.kt#L315
main,6a1f600624981355b519fd83a1908637d25afc7c,app/src/main/java/in/wikio/ecourts/NativeProfiles.kt,316,profile-choice,gem,gem,Gem / Shapes,https://github.com/vigarepo2/eCourts/blob/6a1f600624981355b519fd83a1908637d25afc7c/app/src/main/java/in/wikio/ecourts/NativeProfiles.kt#L316
main,6a1f600624981355b519fd83a1908637d25afc7c,app/src/main/java/in/wikio/ecourts/NativeProfiles.kt,317,profile-choice,ribbon,ribbon,Ribbon / Shapes,https://github.com/vigarepo2/eCourts/blob/6a1f600624981355b519fd83a1908637d25afc7c/app/src/main/java/in/wikio/ecourts/NativeProfiles.kt#L317
main,6a1f600624981355b519fd83a1908637d25afc7c,app/src/main/java/in/wikio/ecourts/NativeProfiles.kt,318,profile-choice,flag,flag,Flag / Shapes,https://github.com/vigarepo2/eCourts/blob/6a1f600624981355b519fd83a1908637d25afc7c/app/src/main/java/in/wikio/ecourts/NativeProfiles.kt#L318
main,6a1f600624981355b519fd83a1908637d25afc7c,app/src/main/java/in/wikio/ecourts/NativeProfiles.kt,319,profile-choice,trophy,trophy,Trophy / Shapes,https://github.com/vigarepo2/eCourts/blob/6a1f600624981355b519fd83a1908637d25afc7c/app/src/main/java/in/wikio/ecourts/NativeProfiles.kt#L319
main,6a1f600624981355b519fd83a1908637d25afc7c,app/src/main/java/in/wikio/ecourts/NativeProfiles.kt,320,profile-choice,leaf,leaf,Leaf / Nature,https://github.com/vigarepo2/eCourts/blob/6a1f600624981355b519fd83a1908637d25afc7c/app/src/main/java/in/wikio/ecourts/NativeProfiles.kt#L320
main,6a1f600624981355b519fd83a1908637d25afc7c,app/src/main/java/in/wikio/ecourts/NativeProfiles.kt,321,profile-choice,tree-pine,pine,Pine tree / Nature,https://github.com/vigarepo2/eCourts/blob/6a1f600624981355b519fd83a1908637d25afc7c/app/src/main/java/in/wikio/ecourts/NativeProfiles.kt#L321
main,6a1f600624981355b519fd83a1908637d25afc7c,app/src/main/java/in/wikio/ecourts/NativeProfiles.kt,322,profile-choice,tree-deciduous,tree,Tree / Nature,https://github.com/vigarepo2/eCourts/blob/6a1f600624981355b519fd83a1908637d25afc7c/app/src/main/java/in/wikio/ecourts/NativeProfiles.kt#L322
main,6a1f600624981355b519fd83a1908637d25afc7c,app/src/main/java/in/wikio/ecourts/NativeProfiles.kt,323,profile-choice,flower-2,flower,Flower / Nature,https://github.com/vigarepo2/eCourts/blob/6a1f600624981355b519fd83a1908637d25afc7c/app/src/main/java/in/wikio/ecourts/NativeProfiles.kt#L323
main,6a1f600624981355b519fd83a1908637d25afc7c,app/src/main/java/in/wikio/ecourts/NativeProfiles.kt,324,profile-choice,sprout,sprout,Sprout / Nature,https://github.com/vigarepo2/eCourts/blob/6a1f600624981355b519fd83a1908637d25afc7c/app/src/main/java/in/wikio/ecourts/NativeProfiles.kt#L324
main,6a1f600624981355b519fd83a1908637d25afc7c,app/src/main/java/in/wikio/ecourts/NativeProfiles.kt,325,profile-choice,mountain,mountain,Mountain / Nature,https://github.com/vigarepo2/eCourts/blob/6a1f600624981355b519fd83a1908637d25afc7c/app/src/main/java/in/wikio/ecourts/NativeProfiles.kt#L325
main,6a1f600624981355b519fd83a1908637d25afc7c,app/src/main/java/in/wikio/ecourts/NativeProfiles.kt,326,profile-choice,sun,sun,Sun / Nature,https://github.com/vigarepo2/eCourts/blob/6a1f600624981355b519fd83a1908637d25afc7c/app/src/main/java/in/wikio/ecourts/NativeProfiles.kt#L326
main,6a1f600624981355b519fd83a1908637d25afc7c,app/src/main/java/in/wikio/ecourts/NativeProfiles.kt,327,profile-choice,moon,moon,Moon / Nature,https://github.com/vigarepo2/eCourts/blob/6a1f600624981355b519fd83a1908637d25afc7c/app/src/main/java/in/wikio/ecourts/NativeProfiles.kt#L327
main,6a1f600624981355b519fd83a1908637d25afc7c,app/src/main/java/in/wikio/ecourts/NativeProfiles.kt,328,profile-choice,cloud,cloud,Cloud / Nature,https://github.com/vigarepo2/eCourts/blob/6a1f600624981355b519fd83a1908637d25afc7c/app/src/main/java/in/wikio/ecourts/NativeProfiles.kt#L328
main,6a1f600624981355b519fd83a1908637d25afc7c,app/src/main/java/in/wikio/ecourts/NativeProfiles.kt,329,profile-choice,rainbow,rainbow,Rainbow / Nature,https://github.com/vigarepo2/eCourts/blob/6a1f600624981355b519fd83a1908637d25afc7c/app/src/main/java/in/wikio/ecourts/NativeProfiles.kt#L329
main,6a1f600624981355b519fd83a1908637d25afc7c,app/src/main/java/in/wikio/ecourts/NativeProfiles.kt,330,profile-choice,snowflake,snowflake,Snowflake / Nature,https://github.com/vigarepo2/eCourts/blob/6a1f600624981355b519fd83a1908637d25afc7c/app/src/main/java/in/wikio/ecourts/NativeProfiles.kt#L330
main,6a1f600624981355b519fd83a1908637d25afc7c,app/src/main/java/in/wikio/ecourts/NativeProfiles.kt,331,profile-choice,flame,flame,Flame / Nature,https://github.com/vigarepo2/eCourts/blob/6a1f600624981355b519fd83a1908637d25afc7c/app/src/main/java/in/wikio/ecourts/NativeProfiles.kt#L331
main,6a1f600624981355b519fd83a1908637d25afc7c,app/src/main/java/in/wikio/ecourts/NativeProfiles.kt,332,profile-choice,droplet,droplet,Water drop / Nature,https://github.com/vigarepo2/eCourts/blob/6a1f600624981355b519fd83a1908637d25afc7c/app/src/main/java/in/wikio/ecourts/NativeProfiles.kt#L332
main,6a1f600624981355b519fd83a1908637d25afc7c,app/src/main/java/in/wikio/ecourts/NativeProfiles.kt,333,profile-choice,waves,waves,Waves / Nature,https://github.com/vigarepo2/eCourts/blob/6a1f600624981355b519fd83a1908637d25afc7c/app/src/main/java/in/wikio/ecourts/NativeProfiles.kt#L333
main,6a1f600624981355b519fd83a1908637d25afc7c,app/src/main/java/in/wikio/ecourts/NativeProfiles.kt,334,profile-choice,wind,wind,Wind / Nature,https://github.com/vigarepo2/eCourts/blob/6a1f600624981355b519fd83a1908637d25afc7c/app/src/main/java/in/wikio/ecourts/NativeProfiles.kt#L334
main,6a1f600624981355b519fd83a1908637d25afc7c,app/src/main/java/in/wikio/ecourts/NativeProfiles.kt,335,profile-choice,earth,earth,Earth / Nature,https://github.com/vigarepo2/eCourts/blob/6a1f600624981355b519fd83a1908637d25afc7c/app/src/main/java/in/wikio/ecourts/NativeProfiles.kt#L335
main,6a1f600624981355b519fd83a1908637d25afc7c,app/src/main/java/in/wikio/ecourts/NativeProfiles.kt,336,profile-choice,sunrise,sunrise,Sunrise / Nature,https://github.com/vigarepo2/eCourts/blob/6a1f600624981355b519fd83a1908637d25afc7c/app/src/main/java/in/wikio/ecourts/NativeProfiles.kt#L336
main,6a1f600624981355b519fd83a1908637d25afc7c,app/src/main/java/in/wikio/ecourts/NativeProfiles.kt,337,profile-choice,eclipse,eclipse,Eclipse / Nature,https://github.com/vigarepo2/eCourts/blob/6a1f600624981355b519fd83a1908637d25afc7c/app/src/main/java/in/wikio/ecourts/NativeProfiles.kt#L337
main,6a1f600624981355b519fd83a1908637d25afc7c,app/src/main/java/in/wikio/ecourts/NativeProfiles.kt,338,profile-choice,cat,cat,Cat / Animals,https://github.com/vigarepo2/eCourts/blob/6a1f600624981355b519fd83a1908637d25afc7c/app/src/main/java/in/wikio/ecourts/NativeProfiles.kt#L338
main,6a1f600624981355b519fd83a1908637d25afc7c,app/src/main/java/in/wikio/ecourts/NativeProfiles.kt,339,profile-choice,dog,dog,Dog / Animals,https://github.com/vigarepo2/eCourts/blob/6a1f600624981355b519fd83a1908637d25afc7c/app/src/main/java/in/wikio/ecourts/NativeProfiles.kt#L339
main,6a1f600624981355b519fd83a1908637d25afc7c,app/src/main/java/in/wikio/ecourts/NativeProfiles.kt,340,profile-choice,bird,bird,Bird / Animals,https://github.com/vigarepo2/eCourts/blob/6a1f600624981355b519fd83a1908637d25afc7c/app/src/main/java/in/wikio/ecourts/NativeProfiles.kt#L340
main,6a1f600624981355b519fd83a1908637d25afc7c,app/src/main/java/in/wikio/ecourts/NativeProfiles.kt,341,profile-choice,fish,fish,Fish / Animals,https://github.com/vigarepo2/eCourts/blob/6a1f600624981355b519fd83a1908637d25afc7c/app/src/main/java/in/wikio/ecourts/NativeProfiles.kt#L341
main,6a1f600624981355b519fd83a1908637d25afc7c,app/src/main/java/in/wikio/ecourts/NativeProfiles.kt,342,profile-choice,rabbit,rabbit,Rabbit / Animals,https://github.com/vigarepo2/eCourts/blob/6a1f600624981355b519fd83a1908637d25afc7c/app/src/main/java/in/wikio/ecourts/NativeProfiles.kt#L342
main,6a1f600624981355b519fd83a1908637d25afc7c,app/src/main/java/in/wikio/ecourts/NativeProfiles.kt,343,profile-choice,squirrel,squirrel,Squirrel / Animals,https://github.com/vigarepo2/eCourts/blob/6a1f600624981355b519fd83a1908637d25afc7c/app/src/main/java/in/wikio/ecourts/NativeProfiles.kt#L343
main,6a1f600624981355b519fd83a1908637d25afc7c,app/src/main/java/in/wikio/ecourts/NativeProfiles.kt,344,profile-choice,turtle,turtle,Turtle / Animals,https://github.com/vigarepo2/eCourts/blob/6a1f600624981355b519fd83a1908637d25afc7c/app/src/main/java/in/wikio/ecourts/NativeProfiles.kt#L344
main,6a1f600624981355b519fd83a1908637d25afc7c,app/src/main/java/in/wikio/ecourts/NativeProfiles.kt,345,profile-choice,snail,snail,Snail / Animals,https://github.com/vigarepo2/eCourts/blob/6a1f600624981355b519fd83a1908637d25afc7c/app/src/main/java/in/wikio/ecourts/NativeProfiles.kt#L345
main,6a1f600624981355b519fd83a1908637d25afc7c,app/src/main/java/in/wikio/ecourts/NativeProfiles.kt,346,profile-choice,bug,ladybird,Ladybird / Animals,https://github.com/vigarepo2/eCourts/blob/6a1f600624981355b519fd83a1908637d25afc7c/app/src/main/java/in/wikio/ecourts/NativeProfiles.kt#L346
main,6a1f600624981355b519fd83a1908637d25afc7c,app/src/main/java/in/wikio/ecourts/NativeProfiles.kt,347,profile-choice,paw-print,paw,Paw / Animals,https://github.com/vigarepo2/eCourts/blob/6a1f600624981355b519fd83a1908637d25afc7c/app/src/main/java/in/wikio/ecourts/NativeProfiles.kt#L347
main,6a1f600624981355b519fd83a1908637d25afc7c,app/src/main/java/in/wikio/ecourts/NativeProfiles.kt,348,profile-choice,rat,mouse,Mouse / Animals,https://github.com/vigarepo2/eCourts/blob/6a1f600624981355b519fd83a1908637d25afc7c/app/src/main/java/in/wikio/ecourts/NativeProfiles.kt#L348
main,6a1f600624981355b519fd83a1908637d25afc7c,app/src/main/java/in/wikio/ecourts/NativeProfiles.kt,349,profile-choice,worm,worm,Worm / Animals,https://github.com/vigarepo2/eCourts/blob/6a1f600624981355b519fd83a1908637d25afc7c/app/src/main/java/in/wikio/ecourts/NativeProfiles.kt#L349
main,6a1f600624981355b519fd83a1908637d25afc7c,app/src/main/java/in/wikio/ecourts/NativeProfiles.kt,350,profile-choice,feather,feather,Feather / Animals,https://github.com/vigarepo2/eCourts/blob/6a1f600624981355b519fd83a1908637d25afc7c/app/src/main/java/in/wikio/ecourts/NativeProfiles.kt#L350
main,6a1f600624981355b519fd83a1908637d25afc7c,app/src/main/java/in/wikio/ecourts/NativeProfiles.kt,351,profile-choice,shell,shell,Shell / Animals,https://github.com/vigarepo2/eCourts/blob/6a1f600624981355b519fd83a1908637d25afc7c/app/src/main/java/in/wikio/ecourts/NativeProfiles.kt#L351
main,6a1f600624981355b519fd83a1908637d25afc7c,app/src/main/java/in/wikio/ecourts/NativeProfiles.kt,352,profile-choice,calendar-days,calendar,Calendar / Everyday,https://github.com/vigarepo2/eCourts/blob/6a1f600624981355b519fd83a1908637d25afc7c/app/src/main/java/in/wikio/ecourts/NativeProfiles.kt#L352
main,6a1f600624981355b519fd83a1908637d25afc7c,app/src/main/java/in/wikio/ecourts/NativeProfiles.kt,353,profile-choice,clock,clock,Clock / Everyday,https://github.com/vigarepo2/eCourts/blob/6a1f600624981355b519fd83a1908637d25afc7c/app/src/main/java/in/wikio/ecourts/NativeProfiles.kt#L353
main,6a1f600624981355b519fd83a1908637d25afc7c,app/src/main/java/in/wikio/ecourts/NativeProfiles.kt,354,profile-choice,alarm-clock,alarm,Alarm clock / Everyday,https://github.com/vigarepo2/eCourts/blob/6a1f600624981355b519fd83a1908637d25afc7c/app/src/main/java/in/wikio/ecourts/NativeProfiles.kt#L354
main,6a1f600624981355b519fd83a1908637d25afc7c,app/src/main/java/in/wikio/ecourts/NativeProfiles.kt,355,profile-choice,timer,timer,Timer / Everyday,https://github.com/vigarepo2/eCourts/blob/6a1f600624981355b519fd83a1908637d25afc7c/app/src/main/java/in/wikio/ecourts/NativeProfiles.kt#L355
main,6a1f600624981355b519fd83a1908637d25afc7c,app/src/main/java/in/wikio/ecourts/NativeProfiles.kt,356,profile-choice,watch,watch,Watch / Everyday,https://github.com/vigarepo2/eCourts/blob/6a1f600624981355b519fd83a1908637d25afc7c/app/src/main/java/in/wikio/ecourts/NativeProfiles.kt#L356
main,6a1f600624981355b519fd83a1908637d25afc7c,app/src/main/java/in/wikio/ecourts/NativeProfiles.kt,357,profile-choice,calculator,calculator,Calculator / Everyday,https://github.com/vigarepo2/eCourts/blob/6a1f600624981355b519fd83a1908637d25afc7c/app/src/main/java/in/wikio/ecourts/NativeProfiles.kt#L357
main,6a1f600624981355b519fd83a1908637d25afc7c,app/src/main/java/in/wikio/ecourts/NativeProfiles.kt,358,profile-choice,chart-no-axes-combined,chart,Line chart / Everyday,https://github.com/vigarepo2/eCourts/blob/6a1f600624981355b519fd83a1908637d25afc7c/app/src/main/java/in/wikio/ecourts/NativeProfiles.kt#L358
main,6a1f600624981355b519fd83a1908637d25afc7c,app/src/main/java/in/wikio/ecourts/NativeProfiles.kt,359,profile-choice,chart-pie,pie-chart,Pie chart / Everyday,https://github.com/vigarepo2/eCourts/blob/6a1f600624981355b519fd83a1908637d25afc7c/app/src/main/java/in/wikio/ecourts/NativeProfiles.kt#L359
main,6a1f600624981355b519fd83a1908637d25afc7c,app/src/main/java/in/wikio/ecourts/NativeProfiles.kt,360,profile-choice,list-checks,checklist,Checklist / Everyday,https://github.com/vigarepo2/eCourts/blob/6a1f600624981355b519fd83a1908637d25afc7c/app/src/main/java/in/wikio/ecourts/NativeProfiles.kt#L360
main,6a1f600624981355b519fd83a1908637d25afc7c,app/src/main/java/in/wikio/ecourts/NativeProfiles.kt,361,profile-choice,mail,mail,Envelope / Everyday,https://github.com/vigarepo2/eCourts/blob/6a1f600624981355b519fd83a1908637d25afc7c/app/src/main/java/in/wikio/ecourts/NativeProfiles.kt#L361
main,6a1f600624981355b519fd83a1908637d25afc7c,app/src/main/java/in/wikio/ecourts/NativeProfiles.kt,362,profile-choice,message-square,message,Message / Everyday,https://github.com/vigarepo2/eCourts/blob/6a1f600624981355b519fd83a1908637d25afc7c/app/src/main/java/in/wikio/ecourts/NativeProfiles.kt#L362
main,6a1f600624981355b519fd83a1908637d25afc7c,app/src/main/java/in/wikio/ecourts/NativeProfiles.kt,363,profile-choice,phone,phone,Phone / Everyday,https://github.com/vigarepo2/eCourts/blob/6a1f600624981355b519fd83a1908637d25afc7c/app/src/main/java/in/wikio/ecourts/NativeProfiles.kt#L363
main,6a1f600624981355b519fd83a1908637d25afc7c,app/src/main/java/in/wikio/ecourts/NativeProfiles.kt,364,profile-choice,video,video,Video camera / Everyday,https://github.com/vigarepo2/eCourts/blob/6a1f600624981355b519fd83a1908637d25afc7c/app/src/main/java/in/wikio/ecourts/NativeProfiles.kt#L364
main,6a1f600624981355b519fd83a1908637d25afc7c,app/src/main/java/in/wikio/ecourts/NativeProfiles.kt,365,profile-choice,megaphone,megaphone,Megaphone / Everyday,https://github.com/vigarepo2/eCourts/blob/6a1f600624981355b519fd83a1908637d25afc7c/app/src/main/java/in/wikio/ecourts/NativeProfiles.kt#L365
main,6a1f600624981355b519fd83a1908637d25afc7c,app/src/main/java/in/wikio/ecourts/NativeProfiles.kt,366,profile-choice,bell,bell,Bell / Everyday,https://github.com/vigarepo2/eCourts/blob/6a1f600624981355b519fd83a1908637d25afc7c/app/src/main/java/in/wikio/ecourts/NativeProfiles.kt#L366
main,6a1f600624981355b519fd83a1908637d25afc7c,app/src/main/java/in/wikio/ecourts/NativeProfiles.kt,367,profile-choice,search,search,Magnifying glass / Everyday,https://github.com/vigarepo2/eCourts/blob/6a1f600624981355b519fd83a1908637d25afc7c/app/src/main/java/in/wikio/ecourts/NativeProfiles.kt#L367
main,6a1f600624981355b519fd83a1908637d25afc7c,app/src/main/java/in/wikio/ecourts/NativeProfiles.kt,368,profile-choice,key-round,key,Key / Everyday,https://github.com/vigarepo2/eCourts/blob/6a1f600624981355b519fd83a1908637d25afc7c/app/src/main/java/in/wikio/ecourts/NativeProfiles.kt#L368
main,6a1f600624981355b519fd83a1908637d25afc7c,app/src/main/java/in/wikio/ecourts/NativeProfiles.kt,369,profile-choice,lock-keyhole,lock,Lock / Everyday,https://github.com/vigarepo2/eCourts/blob/6a1f600624981355b519fd83a1908637d25afc7c/app/src/main/java/in/wikio/ecourts/NativeProfiles.kt#L369
main,6a1f600624981355b519fd83a1908637d25afc7c,app/src/main/java/in/wikio/ecourts/NativeProfiles.kt,370,profile-choice,compass,compass,Compass / Travel,https://github.com/vigarepo2/eCourts/blob/6a1f600624981355b519fd83a1908637d25afc7c/app/src/main/java/in/wikio/ecourts/NativeProfiles.kt#L370
main,6a1f600624981355b519fd83a1908637d25afc7c,app/src/main/java/in/wikio/ecourts/NativeProfiles.kt,371,profile-choice,map-pin,pin,Map pin / Travel,https://github.com/vigarepo2/eCourts/blob/6a1f600624981355b519fd83a1908637d25afc7c/app/src/main/java/in/wikio/ecourts/NativeProfiles.kt#L371
main,6a1f600624981355b519fd83a1908637d25afc7c,app/src/main/java/in/wikio/ecourts/NativeProfiles.kt,372,profile-choice,map,map,Map / Travel,https://github.com/vigarepo2/eCourts/blob/6a1f600624981355b519fd83a1908637d25afc7c/app/src/main/java/in/wikio/ecourts/NativeProfiles.kt#L372
main,6a1f600624981355b519fd83a1908637d25afc7c,app/src/main/java/in/wikio/ecourts/NativeProfiles.kt,373,profile-choice,route,route,Route / Travel,https://github.com/vigarepo2/eCourts/blob/6a1f600624981355b519fd83a1908637d25afc7c/app/src/main/java/in/wikio/ecourts/NativeProfiles.kt#L373
main,6a1f600624981355b519fd83a1908637d25afc7c,app/src/main/java/in/wikio/ecourts/NativeProfiles.kt,374,profile-choice,globe,globe,Globe / Travel,https://github.com/vigarepo2/eCourts/blob/6a1f600624981355b519fd83a1908637d25afc7c/app/src/main/java/in/wikio/ecourts/NativeProfiles.kt#L374
main,6a1f600624981355b519fd83a1908637d25afc7c,app/src/main/java/in/wikio/ecourts/NativeProfiles.kt,375,profile-choice,plane,plane,Airplane / Travel,https://github.com/vigarepo2/eCourts/blob/6a1f600624981355b519fd83a1908637d25afc7c/app/src/main/java/in/wikio/ecourts/NativeProfiles.kt#L375
main,6a1f600624981355b519fd83a1908637d25afc7c,app/src/main/java/in/wikio/ecourts/NativeProfiles.kt,376,profile-choice,car-front,car,Car / Travel,https://github.com/vigarepo2/eCourts/blob/6a1f600624981355b519fd83a1908637d25afc7c/app/src/main/java/in/wikio/ecourts/NativeProfiles.kt#L376
main,6a1f600624981355b519fd83a1908637d25afc7c,app/src/main/java/in/wikio/ecourts/NativeProfiles.kt,377,profile-choice,bike,bike,Bicycle / Travel,https://github.com/vigarepo2/eCourts/blob/6a1f600624981355b519fd83a1908637d25afc7c/app/src/main/java/in/wikio/ecourts/NativeProfiles.kt#L377
main,6a1f600624981355b519fd83a1908637d25afc7c,app/src/main/java/in/wikio/ecourts/NativeProfiles.kt,378,profile-choice,train-front,train,Train / Travel,https://github.com/vigarepo2/eCourts/blob/6a1f600624981355b519fd83a1908637d25afc7c/app/src/main/java/in/wikio/ecourts/NativeProfiles.kt#L378
main,6a1f600624981355b519fd83a1908637d25afc7c,app/src/main/java/in/wikio/ecourts/NativeProfiles.kt,379,profile-choice,bus-front,bus,Bus / Travel,https://github.com/vigarepo2/eCourts/blob/6a1f600624981355b519fd83a1908637d25afc7c/app/src/main/java/in/wikio/ecourts/NativeProfiles.kt#L379
main,6a1f600624981355b519fd83a1908637d25afc7c,app/src/main/java/in/wikio/ecourts/NativeProfiles.kt,380,profile-choice,ship,ship,Ship / Travel,https://github.com/vigarepo2/eCourts/blob/6a1f600624981355b519fd83a1908637d25afc7c/app/src/main/java/in/wikio/ecourts/NativeProfiles.kt#L380
main,6a1f600624981355b519fd83a1908637d25afc7c,app/src/main/java/in/wikio/ecourts/NativeProfiles.kt,381,profile-choice,sailboat,sailboat,Sailboat / Travel,https://github.com/vigarepo2/eCourts/blob/6a1f600624981355b519fd83a1908637d25afc7c/app/src/main/java/in/wikio/ecourts/NativeProfiles.kt#L381
main,6a1f600624981355b519fd83a1908637d25afc7c,app/src/main/java/in/wikio/ecourts/NativeProfiles.kt,382,profile-choice,rocket,rocket,Rocket / Travel,https://github.com/vigarepo2/eCourts/blob/6a1f600624981355b519fd83a1908637d25afc7c/app/src/main/java/in/wikio/ecourts/NativeProfiles.kt#L382
main,6a1f600624981355b519fd83a1908637d25afc7c,app/src/main/java/in/wikio/ecourts/NativeProfiles.kt,383,profile-choice,tent-tree,tent,Camping / Travel,https://github.com/vigarepo2/eCourts/blob/6a1f600624981355b519fd83a1908637d25afc7c/app/src/main/java/in/wikio/ecourts/NativeProfiles.kt#L383
main,6a1f600624981355b519fd83a1908637d25afc7c,app/src/main/java/in/wikio/ecourts/NativeProfiles.kt,384,profile-choice,luggage,luggage,Suitcase / Travel,https://github.com/vigarepo2/eCourts/blob/6a1f600624981355b519fd83a1908637d25afc7c/app/src/main/java/in/wikio/ecourts/NativeProfiles.kt#L384
main,6a1f600624981355b519fd83a1908637d25afc7c,app/src/main/java/in/wikio/ecourts/NativeProfiles.kt,385,profile-choice,backpack,backpack,Backpack / Travel,https://github.com/vigarepo2/eCourts/blob/6a1f600624981355b519fd83a1908637d25afc7c/app/src/main/java/in/wikio/ecourts/NativeProfiles.kt#L385
main,6a1f600624981355b519fd83a1908637d25afc7c,app/src/main/java/in/wikio/ecourts/NativeProfiles.kt,386,profile-choice,anchor,anchor,Anchor / Travel,https://github.com/vigarepo2/eCourts/blob/6a1f600624981355b519fd83a1908637d25afc7c/app/src/main/java/in/wikio/ecourts/NativeProfiles.kt#L386
main,6a1f600624981355b519fd83a1908637d25afc7c,app/src/main/java/in/wikio/ecourts/NativeProfiles.kt,387,profile-choice,waypoints,waypoints,Waypoints / Travel,https://github.com/vigarepo2/eCourts/blob/6a1f600624981355b519fd83a1908637d25afc7c/app/src/main/java/in/wikio/ecourts/NativeProfiles.kt#L387
main,6a1f600624981355b519fd83a1908637d25afc7c,app/src/main/java/in/wikio/ecourts/NativeProfiles.kt,388,profile-choice,music,music,Music / Interests,https://github.com/vigarepo2/eCourts/blob/6a1f600624981355b519fd83a1908637d25afc7c/app/src/main/java/in/wikio/ecourts/NativeProfiles.kt#L388
main,6a1f600624981355b519fd83a1908637d25afc7c,app/src/main/java/in/wikio/ecourts/NativeProfiles.kt,389,profile-choice,camera,camera,Camera / Interests,https://github.com/vigarepo2/eCourts/blob/6a1f600624981355b519fd83a1908637d25afc7c/app/src/main/java/in/wikio/ecourts/NativeProfiles.kt#L389
main,6a1f600624981355b519fd83a1908637d25afc7c,app/src/main/java/in/wikio/ecourts/NativeProfiles.kt,390,profile-choice,palette,palette,Palette / Interests,https://github.com/vigarepo2/eCourts/blob/6a1f600624981355b519fd83a1908637d25afc7c/app/src/main/java/in/wikio/ecourts/NativeProfiles.kt#L390
main,6a1f600624981355b519fd83a1908637d25afc7c,app/src/main/java/in/wikio/ecourts/NativeProfiles.kt,391,profile-choice,paintbrush,paintbrush,Paintbrush / Interests,https://github.com/vigarepo2/eCourts/blob/6a1f600624981355b519fd83a1908637d25afc7c/app/src/main/java/in/wikio/ecourts/NativeProfiles.kt#L391
main,6a1f600624981355b519fd83a1908637d25afc7c,app/src/main/java/in/wikio/ecourts/NativeProfiles.kt,392,profile-choice,pencil-ruler,pencil-ruler,Pencil and ruler / Interests,https://github.com/vigarepo2/eCourts/blob/6a1f600624981355b519fd83a1908637d25afc7c/app/src/main/java/in/wikio/ecourts/NativeProfiles.kt#L392
main,6a1f600624981355b519fd83a1908637d25afc7c,app/src/main/java/in/wikio/ecourts/NativeProfiles.kt,393,profile-choice,scissors,scissors,Scissors / Interests,https://github.com/vigarepo2/eCourts/blob/6a1f600624981355b519fd83a1908637d25afc7c/app/src/main/java/in/wikio/ecourts/NativeProfiles.kt#L393
main,6a1f600624981355b519fd83a1908637d25afc7c,app/src/main/java/in/wikio/ecourts/NativeProfiles.kt,394,profile-choice,lightbulb,lightbulb,Light bulb / Interests,https://github.com/vigarepo2/eCourts/blob/6a1f600624981355b519fd83a1908637d25afc7c/app/src/main/java/in/wikio/ecourts/NativeProfiles.kt#L394
main,6a1f600624981355b519fd83a1908637d25afc7c,app/src/main/java/in/wikio/ecourts/NativeProfiles.kt,395,profile-choice,coffee,coffee,Coffee / Interests,https://github.com/vigarepo2/eCourts/blob/6a1f600624981355b519fd83a1908637d25afc7c/app/src/main/java/in/wikio/ecourts/NativeProfiles.kt#L395
main,6a1f600624981355b519fd83a1908637d25afc7c,app/src/main/java/in/wikio/ecourts/NativeProfiles.kt,396,profile-choice,cooking-pot,cooking-pot,Cooking pot / Interests,https://github.com/vigarepo2/eCourts/blob/6a1f600624981355b519fd83a1908637d25afc7c/app/src/main/java/in/wikio/ecourts/NativeProfiles.kt#L396
main,6a1f600624981355b519fd83a1908637d25afc7c,app/src/main/java/in/wikio/ecourts/NativeProfiles.kt,397,profile-choice,utensils-crossed,utensils,Cutlery / Interests,https://github.com/vigarepo2/eCourts/blob/6a1f600624981355b519fd83a1908637d25afc7c/app/src/main/java/in/wikio/ecourts/NativeProfiles.kt#L397
main,6a1f600624981355b519fd83a1908637d25afc7c,app/src/main/java/in/wikio/ecourts/NativeProfiles.kt,398,profile-choice,apple,apple,Apple / Interests,https://github.com/vigarepo2/eCourts/blob/6a1f600624981355b519fd83a1908637d25afc7c/app/src/main/java/in/wikio/ecourts/NativeProfiles.kt#L398
main,6a1f600624981355b519fd83a1908637d25afc7c,app/src/main/java/in/wikio/ecourts/NativeProfiles.kt,399,profile-choice,notebook-tabs,notebook-tabs,Tabbed notebook / Interests,https://github.com/vigarepo2/eCourts/blob/6a1f600624981355b519fd83a1908637d25afc7c/app/src/main/java/in/wikio/ecourts/NativeProfiles.kt#L399
main,6a1f600624981355b519fd83a1908637d25afc7c,app/src/main/java/in/wikio/ecourts/NativeProfiles.kt,400,profile-choice,dumbbell,dumbbell,Dumbbell / Interests,https://github.com/vigarepo2/eCourts/blob/6a1f600624981355b519fd83a1908637d25afc7c/app/src/main/java/in/wikio/ecourts/NativeProfiles.kt#L400
main,6a1f600624981355b519fd83a1908637d25afc7c,app/src/main/java/in/wikio/ecourts/NativeProfiles.kt,401,profile-choice,goal,goal,Goal / Interests,https://github.com/vigarepo2/eCourts/blob/6a1f600624981355b519fd83a1908637d25afc7c/app/src/main/java/in/wikio/ecourts/NativeProfiles.kt#L401
main,6a1f600624981355b519fd83a1908637d25afc7c,app/src/main/java/in/wikio/ecourts/NativeProfiles.kt,402,profile-choice,gamepad-2,gamepad,Game controller / Interests,https://github.com/vigarepo2/eCourts/blob/6a1f600624981355b519fd83a1908637d25afc7c/app/src/main/java/in/wikio/ecourts/NativeProfiles.kt#L402
main,6a1f600624981355b519fd83a1908637d25afc7c,app/src/main/java/in/wikio/ecourts/NativeProfiles.kt,403,profile-choice,headphones,headphones,Headphones / Interests,https://github.com/vigarepo2/eCourts/blob/6a1f600624981355b519fd83a1908637d25afc7c/app/src/main/java/in/wikio/ecourts/NativeProfiles.kt#L403
main,6a1f600624981355b519fd83a1908637d25afc7c,app/src/main/java/in/wikio/ecourts/NativeProfiles.kt,404,profile-choice,radio,radio,Radio / Interests,https://github.com/vigarepo2/eCourts/blob/6a1f600624981355b519fd83a1908637d25afc7c/app/src/main/java/in/wikio/ecourts/NativeProfiles.kt#L404
main,6a1f600624981355b519fd83a1908637d25afc7c,app/src/main/java/in/wikio/ecourts/NativeProfiles.kt,405,profile-choice,mic,microphone,Microphone / Interests,https://github.com/vigarepo2/eCourts/blob/6a1f600624981355b519fd83a1908637d25afc7c/app/src/main/java/in/wikio/ecourts/NativeProfiles.kt#L405
main,6a1f600624981355b519fd83a1908637d25afc7c,app/src/main/java/in/wikio/ecourts/NativeProfiles.kt,108,interface-use,plus,add,saveProfile / RoundAction,https://github.com/vigarepo2/eCourts/blob/6a1f600624981355b519fd83a1908637d25afc7c/app/src/main/java/in/wikio/ecourts/NativeProfiles.kt#L108
main,6a1f600624981355b519fd83a1908637d25afc7c,app/src/main/java/in/wikio/ecourts/NativeProfiles.kt,123,interface-use,edit,edit,saveProfile / RoundAction,https://github.com/vigarepo2/eCourts/blob/6a1f600624981355b519fd83a1908637d25afc7c/app/src/main/java/in/wikio/ecourts/NativeProfiles.kt#L123
main,6a1f600624981355b519fd83a1908637d25afc7c,app/src/main/java/in/wikio/ecourts/NativeProfiles.kt,137,interface-use,trash,trash,saveProfile / MIcon,https://github.com/vigarepo2/eCourts/blob/6a1f600624981355b519fd83a1908637d25afc7c/app/src/main/java/in/wikio/ecourts/NativeProfiles.kt#L137
main,6a1f600624981355b519fd83a1908637d25afc7c,app/src/main/java/in/wikio/ecourts/NativeProfiles.kt,195,control-state,LinearProgressIndicator,progress,saveProfile,https://github.com/vigarepo2/eCourts/blob/6a1f600624981355b519fd83a1908637d25afc7c/app/src/main/java/in/wikio/ecourts/NativeProfiles.kt#L195
main,6a1f600624981355b519fd83a1908637d25afc7c,app/src/main/java/in/wikio/ecourts/NativeProfiles.kt,231,control-state,LinearProgressIndicator,progress,SaveToProfileSheet,https://github.com/vigarepo2/eCourts/blob/6a1f600624981355b519fd83a1908637d25afc7c/app/src/main/java/in/wikio/ecourts/NativeProfiles.kt#L231
main,6a1f600624981355b519fd83a1908637d25afc7c,app/src/main/java/in/wikio/ecourts/NativeProfiles.kt,253,interface-use,"check, plus",check;add,SaveToProfileSheet / MIcon,https://github.com/vigarepo2/eCourts/blob/6a1f600624981355b519fd83a1908637d25afc7c/app/src/main/java/in/wikio/ecourts/NativeProfiles.kt#L253
main,6a1f600624981355b519fd83a1908637d25afc7c,app/src/main/java/in/wikio/ecourts/NativeProfiles.kt,257,control-state,LinearProgressIndicator,progress,SaveToProfileSheet,https://github.com/vigarepo2/eCourts/blob/6a1f600624981355b519fd83a1908637d25afc7c/app/src/main/java/in/wikio/ecourts/NativeProfiles.kt#L257
main,6a1f600624981355b519fd83a1908637d25afc7c,app/src/main/java/in/wikio/ecourts/NativeSearch.kt,392,control-state,CircularProgressIndicator,loading,search,https://github.com/vigarepo2/eCourts/blob/6a1f600624981355b519fd83a1908637d25afc7c/app/src/main/java/in/wikio/ecourts/NativeSearch.kt#L392
main,6a1f600624981355b519fd83a1908637d25afc7c,app/src/main/java/in/wikio/ecourts/NativeSearch.kt,398,interface-use,history,history,search / MIcon,https://github.com/vigarepo2/eCourts/blob/6a1f600624981355b519fd83a1908637d25afc7c/app/src/main/java/in/wikio/ecourts/NativeSearch.kt#L398
main,6a1f600624981355b519fd83a1908637d25afc7c,app/src/main/java/in/wikio/ecourts/NativeSearch.kt,406,interface-use,close,close,search / RoundAction,https://github.com/vigarepo2/eCourts/blob/6a1f600624981355b519fd83a1908637d25afc7c/app/src/main/java/in/wikio/ecourts/NativeSearch.kt#L406
main,6a1f600624981355b519fd83a1908637d25afc7c,app/src/main/java/in/wikio/ecourts/NativeSearch.kt,413,interface-use,download,download,search / ActionPill,https://github.com/vigarepo2/eCourts/blob/6a1f600624981355b519fd83a1908637d25afc7c/app/src/main/java/in/wikio/ecourts/NativeSearch.kt#L413
main,6a1f600624981355b519fd83a1908637d25afc7c,app/src/main/java/in/wikio/ecourts/NativeSearch.kt,414,interface-use,refresh,refresh,search / MIcon,https://github.com/vigarepo2/eCourts/blob/6a1f600624981355b519fd83a1908637d25afc7c/app/src/main/java/in/wikio/ecourts/NativeSearch.kt#L414
main,6a1f600624981355b519fd83a1908637d25afc7c,app/src/main/java/in/wikio/ecourts/NativeSearch.kt,418,interface-use,calendar,empty-calendar,search / EmptyState,https://github.com/vigarepo2/eCourts/blob/6a1f600624981355b519fd83a1908637d25afc7c/app/src/main/java/in/wikio/ecourts/NativeSearch.kt#L418
main,6a1f600624981355b519fd83a1908637d25afc7c,app/src/main/java/in/wikio/ecourts/NativeSearch.kt,445,interface-use,search,search,search / MIcon,https://github.com/vigarepo2/eCourts/blob/6a1f600624981355b519fd83a1908637d25afc7c/app/src/main/java/in/wikio/ecourts/NativeSearch.kt#L445
main,6a1f600624981355b519fd83a1908637d25afc7c,app/src/main/java/in/wikio/ecourts/NativeSearch.kt,446,interface-use,refresh,refresh,search / MIcon,https://github.com/vigarepo2/eCourts/blob/6a1f600624981355b519fd83a1908637d25afc7c/app/src/main/java/in/wikio/ecourts/NativeSearch.kt#L446
main,6a1f600624981355b519fd83a1908637d25afc7c,app/src/main/java/in/wikio/ecourts/NativeSearch.kt,449,interface-use,search,empty-search,search / EmptyState,https://github.com/vigarepo2/eCourts/blob/6a1f600624981355b519fd83a1908637d25afc7c/app/src/main/java/in/wikio/ecourts/NativeSearch.kt#L449
main,6a1f600624981355b519fd83a1908637d25afc7c,app/src/main/java/in/wikio/ecourts/NativeSearch.kt,472,interface-use,plus,add,search / MIcon,https://github.com/vigarepo2/eCourts/blob/6a1f600624981355b519fd83a1908637d25afc7c/app/src/main/java/in/wikio/ecourts/NativeSearch.kt#L472
main,6a1f600624981355b519fd83a1908637d25afc7c,app/src/main/java/in/wikio/ecourts/NativeSearch.kt,473,interface-use,chevron_right,chevron-right,search / MIcon,https://github.com/vigarepo2/eCourts/blob/6a1f600624981355b519fd83a1908637d25afc7c/app/src/main/java/in/wikio/ecourts/NativeSearch.kt#L473
main,6a1f600624981355b519fd83a1908637d25afc7c,app/src/main/java/in/wikio/ecourts/NativeSearch.kt,539,interface-use,chevron_right,chevron-right,SearchChoice / MIcon,https://github.com/vigarepo2/eCourts/blob/6a1f600624981355b519fd83a1908637d25afc7c/app/src/main/java/in/wikio/ecourts/NativeSearch.kt#L539
main,6a1f600624981355b519fd83a1908637d25afc7c,app/src/main/java/in/wikio/ecourts/NativeSearch.kt,583,interface-use,close,close,SearchOptionsSheet / MIcon,https://github.com/vigarepo2/eCourts/blob/6a1f600624981355b519fd83a1908637d25afc7c/app/src/main/java/in/wikio/ecourts/NativeSearch.kt#L583
main,6a1f600624981355b519fd83a1908637d25afc7c,app/src/main/java/in/wikio/ecourts/NativeSearch.kt,585,interface-use,search,search,SearchOptionsSheet / MIcon,https://github.com/vigarepo2/eCourts/blob/6a1f600624981355b519fd83a1908637d25afc7c/app/src/main/java/in/wikio/ecourts/NativeSearch.kt#L585
main,6a1f600624981355b519fd83a1908637d25afc7c,app/src/main/java/in/wikio/ecourts/NativeSearch.kt,591,interface-use,check,check,SearchOptionsSheet / MIcon,https://github.com/vigarepo2/eCourts/blob/6a1f600624981355b519fd83a1908637d25afc7c/app/src/main/java/in/wikio/ecourts/NativeSearch.kt#L591
main,6a1f600624981355b519fd83a1908637d25afc7c,app/src/main/java/in/wikio/ecourts/NativeSearch.kt,513,icon-data,shield_search,fir-search,NativeSearch / fir,https://github.com/vigarepo2/eCourts/blob/6a1f600624981355b519fd83a1908637d25afc7c/app/src/main/java/in/wikio/ecourts/NativeSearch.kt#L513
main,6a1f600624981355b519fd83a1908637d25afc7c,app/src/main/java/in/wikio/ecourts/NativeSearch.kt,513,icon-data,hash,case-number,NativeSearch / caseNumber,https://github.com/vigarepo2/eCourts/blob/6a1f600624981355b519fd83a1908637d25afc7c/app/src/main/java/in/wikio/ecourts/NativeSearch.kt#L513
main,6a1f600624981355b519fd83a1908637d25afc7c,app/src/main/java/in/wikio/ecourts/NativeSearch.kt,513,icon-data,scan,cnr,NativeSearch / cnr,https://github.com/vigarepo2/eCourts/blob/6a1f600624981355b519fd83a1908637d25afc7c/app/src/main/java/in/wikio/ecourts/NativeSearch.kt#L513
main,6a1f600624981355b519fd83a1908637d25afc7c,app/src/main/java/in/wikio/ecourts/NativeSearch.kt,513,icon-data,person,person,NativeSearch / advocate,https://github.com/vigarepo2/eCourts/blob/6a1f600624981355b519fd83a1908637d25afc7c/app/src/main/java/in/wikio/ecourts/NativeSearch.kt#L513
main,6a1f600624981355b519fd83a1908637d25afc7c,app/src/main/java/in/wikio/ecourts/NativeSearch.kt,513,icon-data,calendar,clipboard,NativeSearch / cause,https://github.com/vigarepo2/eCourts/blob/6a1f600624981355b519fd83a1908637d25afc7c/app/src/main/java/in/wikio/ecourts/NativeSearch.kt#L513
main,6a1f600624981355b519fd83a1908637d25afc7c,app/src/main/java/in/wikio/ecourts/NativeSearch.kt,513,icon-data,file,fir-document,NativeSearch / else,https://github.com/vigarepo2/eCourts/blob/6a1f600624981355b519fd83a1908637d25afc7c/app/src/main/java/in/wikio/ecourts/NativeSearch.kt#L513
main,6a1f600624981355b519fd83a1908637d25afc7c,app/src/main/java/in/wikio/ecourts/NativeSearch.kt,427,text-status,StatusPill,status-pending;status-disposed;status-undated;status-error;warning,"search / currently text + colour; companion icons are optional, preserve status labels and logic.",https://github.com/vigarepo2/eCourts/blob/6a1f600624981355b519fd83a1908637d25afc7c/app/src/main/java/in/wikio/ecourts/NativeSearch.kt#L427
main,6a1f600624981355b519fd83a1908637d25afc7c,app/src/main/java/in/wikio/ecourts/NativeSearch.kt,459,text-status,StatusPill,status-pending;status-disposed;status-undated;status-error;warning,"search / currently text + colour; companion icons are optional, preserve status labels and logic.",https://github.com/vigarepo2/eCourts/blob/6a1f600624981355b519fd83a1908637d25afc7c/app/src/main/java/in/wikio/ecourts/NativeSearch.kt#L459
main,6a1f600624981355b519fd83a1908637d25afc7c,app/src/main/java/in/wikio/ecourts/NativeSearch.kt,466,text-status,nativeStatusColor,status-pending;status-disposed;status-undated;status-error;warning,"search / currently text + colour; companion icons are optional, preserve status labels and logic.",https://github.com/vigarepo2/eCourts/blob/6a1f600624981355b519fd83a1908637d25afc7c/app/src/main/java/in/wikio/ecourts/NativeSearch.kt#L466
main,6a1f600624981355b519fd83a1908637d25afc7c,app/src/main/java/in/wikio/ecourts/NativeSearch.kt,549,text-status,nativeStatusColor,status-pending;status-disposed;status-undated;status-error;warning,"SearchStatusChoices / currently text + colour; companion icons are optional, preserve status labels and logic.",https://github.com/vigarepo2/eCourts/blob/6a1f600624981355b519fd83a1908637d25afc7c/app/src/main/java/in/wikio/ecourts/NativeSearch.kt#L549
main,6a1f600624981355b519fd83a1908637d25afc7c,app/src/main/java/in/wikio/ecourts/NativeSettings.kt,72,interface-use,chevron,chevron-right,change / MIcon,https://github.com/vigarepo2/eCourts/blob/6a1f600624981355b519fd83a1908637d25afc7c/app/src/main/java/in/wikio/ecourts/NativeSettings.kt#L72
main,6a1f600624981355b519fd83a1908637d25afc7c,app/src/main/java/in/wikio/ecourts/NativeSettings.kt,82,control-state,EcourtsSwitch,switch-off;switch-on,change,https://github.com/vigarepo2/eCourts/blob/6a1f600624981355b519fd83a1908637d25afc7c/app/src/main/java/in/wikio/ecourts/NativeSettings.kt#L82
main,6a1f600624981355b519fd83a1908637d25afc7c,app/src/main/java/in/wikio/ecourts/NativeSettings.kt,87,control-state,EcourtsSwitch,switch-off;switch-on,change,https://github.com/vigarepo2/eCourts/blob/6a1f600624981355b519fd83a1908637d25afc7c/app/src/main/java/in/wikio/ecourts/NativeSettings.kt#L87
main,6a1f600624981355b519fd83a1908637d25afc7c,app/src/main/java/in/wikio/ecourts/NativeSettings.kt,89,control-state,EcourtsSwitch,switch-off;switch-on,change,https://github.com/vigarepo2/eCourts/blob/6a1f600624981355b519fd83a1908637d25afc7c/app/src/main/java/in/wikio/ecourts/NativeSettings.kt#L89
main,6a1f600624981355b519fd83a1908637d25afc7c,app/src/main/java/in/wikio/ecourts/NativeSettings.kt,112,control-state,EcourtsSwitch,switch-off;switch-on,change,https://github.com/vigarepo2/eCourts/blob/6a1f600624981355b519fd83a1908637d25afc7c/app/src/main/java/in/wikio/ecourts/NativeSettings.kt#L112
main,6a1f600624981355b519fd83a1908637d25afc7c,app/src/main/java/in/wikio/ecourts/NativeSettings.kt,114,control-state,EcourtsSwitch,switch-off;switch-on,change,https://github.com/vigarepo2/eCourts/blob/6a1f600624981355b519fd83a1908637d25afc7c/app/src/main/java/in/wikio/ecourts/NativeSettings.kt#L114
main,6a1f600624981355b519fd83a1908637d25afc7c,app/src/main/java/in/wikio/ecourts/NativeSettings.kt,119,interface-use,bell,bell,change / NativeRow,https://github.com/vigarepo2/eCourts/blob/6a1f600624981355b519fd83a1908637d25afc7c/app/src/main/java/in/wikio/ecourts/NativeSettings.kt#L119
main,6a1f600624981355b519fd83a1908637d25afc7c,app/src/main/java/in/wikio/ecourts/NativeSettings.kt,164,interface-use,close,close,change / RoundAction,https://github.com/vigarepo2/eCourts/blob/6a1f600624981355b519fd83a1908637d25afc7c/app/src/main/java/in/wikio/ecourts/NativeSettings.kt#L164
main,6a1f600624981355b519fd83a1908637d25afc7c,app/src/main/java/in/wikio/ecourts/NativeSettings.kt,172,interface-use,edit,edit,change / NativeRow,https://github.com/vigarepo2/eCourts/blob/6a1f600624981355b519fd83a1908637d25afc7c/app/src/main/java/in/wikio/ecourts/NativeSettings.kt#L172
main,6a1f600624981355b519fd83a1908637d25afc7c,app/src/main/java/in/wikio/ecourts/NativeSettings.kt,200,interface-use,check,check,change / MIcon,https://github.com/vigarepo2/eCourts/blob/6a1f600624981355b519fd83a1908637d25afc7c/app/src/main/java/in/wikio/ecourts/NativeSettings.kt#L200
main,6a1f600624981355b519fd83a1908637d25afc7c,app/src/main/java/in/wikio/ecourts/NativeSettings.kt,203,control-state,EcourtsSwitch,switch-off;switch-on,change,https://github.com/vigarepo2/eCourts/blob/6a1f600624981355b519fd83a1908637d25afc7c/app/src/main/java/in/wikio/ecourts/NativeSettings.kt#L203
main,6a1f600624981355b519fd83a1908637d25afc7c,app/src/main/java/in/wikio/ecourts/NativeSettings.kt,207,control-state,EcourtsSwitch,switch-off;switch-on,change,https://github.com/vigarepo2/eCourts/blob/6a1f600624981355b519fd83a1908637d25afc7c/app/src/main/java/in/wikio/ecourts/NativeSettings.kt#L207
main,6a1f600624981355b519fd83a1908637d25afc7c,app/src/main/java/in/wikio/ecourts/NativeSettings.kt,306,interface-use,check,check,AccentChoices / MIcon,https://github.com/vigarepo2/eCourts/blob/6a1f600624981355b519fd83a1908637d25afc7c/app/src/main/java/in/wikio/ecourts/NativeSettings.kt#L306
main,6a1f600624981355b519fd83a1908637d25afc7c,app/src/main/java/in/wikio/ecourts/NativeSettings.kt,333,interface-use,"close, plus",close;add,HelpAnswer / MIcon,https://github.com/vigarepo2/eCourts/blob/6a1f600624981355b519fd83a1908637d25afc7c/app/src/main/java/in/wikio/ecourts/NativeSettings.kt#L333
main,6a1f600624981355b519fd83a1908637d25afc7c,app/src/main/java/in/wikio/ecourts/NativeSettings.kt,391,interface-use,check,check,ShapeChoices / MIcon,https://github.com/vigarepo2/eCourts/blob/6a1f600624981355b519fd83a1908637d25afc7c/app/src/main/java/in/wikio/ecourts/NativeSettings.kt#L391
main,6a1f600624981355b519fd83a1908637d25afc7c,app/src/main/java/in/wikio/ecourts/NativeSheets.kt,43,interface-use,close,close,NativeModalSheet / RoundAction,https://github.com/vigarepo2/eCourts/blob/6a1f600624981355b519fd83a1908637d25afc7c/app/src/main/java/in/wikio/ecourts/NativeSheets.kt#L43
main,6a1f600624981355b519fd83a1908637d25afc7c,app/src/main/java/in/wikio/ecourts/NativeSyncProgress.kt,109,interface-use,"chevron_up, chevron_down",chevron-up;chevron-down,move / RoundAction,https://github.com/vigarepo2/eCourts/blob/6a1f600624981355b519fd83a1908637d25afc7c/app/src/main/java/in/wikio/ecourts/NativeSyncProgress.kt#L109
main,6a1f600624981355b519fd83a1908637d25afc7c,app/src/main/java/in/wikio/ecourts/NativeSyncProgress.kt,111,interface-use,stop,stop,move / RoundAction,https://github.com/vigarepo2/eCourts/blob/6a1f600624981355b519fd83a1908637d25afc7c/app/src/main/java/in/wikio/ecourts/NativeSyncProgress.kt#L111
main,6a1f600624981355b519fd83a1908637d25afc7c,app/src/main/java/in/wikio/ecourts/NativeSyncProgress.kt,114,control-state,LinearProgressIndicator,progress,move,https://github.com/vigarepo2/eCourts/blob/6a1f600624981355b519fd83a1908637d25afc7c/app/src/main/java/in/wikio/ecourts/NativeSyncProgress.kt#L114
main,6a1f600624981355b519fd83a1908637d25afc7c,app/src/main/java/in/wikio/ecourts/NativeSyncProgress.kt,115,control-state,LinearProgressIndicator,progress,move,https://github.com/vigarepo2/eCourts/blob/6a1f600624981355b519fd83a1908637d25afc7c/app/src/main/java/in/wikio/ecourts/NativeSyncProgress.kt#L115
main,6a1f600624981355b519fd83a1908637d25afc7c,app/src/main/java/in/wikio/ecourts/NativeUi.kt,228,control-state,LinearProgressIndicator,progress,onPostScroll,https://github.com/vigarepo2/eCourts/blob/6a1f600624981355b519fd83a1908637d25afc7c/app/src/main/java/in/wikio/ecourts/NativeUi.kt#L228
main,6a1f600624981355b519fd83a1908637d25afc7c,app/src/main/java/in/wikio/ecourts/NativeUi.kt,255,control-state,LinearProgressIndicator,progress,onPostScroll,https://github.com/vigarepo2/eCourts/blob/6a1f600624981355b519fd83a1908637d25afc7c/app/src/main/java/in/wikio/ecourts/NativeUi.kt#L255
main,6a1f600624981355b519fd83a1908637d25afc7c,app/src/main/java/in/wikio/ecourts/NativeUi.kt,276,interface-use,refresh,refresh,onPostScroll / MIcon,https://github.com/vigarepo2/eCourts/blob/6a1f600624981355b519fd83a1908637d25afc7c/app/src/main/java/in/wikio/ecourts/NativeUi.kt#L276
main,6a1f600624981355b519fd83a1908637d25afc7c,app/src/main/java/in/wikio/ecourts/NativeUi.kt,294,interface-use,back,arrow-left,NativeChrome / RoundAction,https://github.com/vigarepo2/eCourts/blob/6a1f600624981355b519fd83a1908637d25afc7c/app/src/main/java/in/wikio/ecourts/NativeUi.kt#L294
main,6a1f600624981355b519fd83a1908637d25afc7c,app/src/main/java/in/wikio/ecourts/NativeUi.kt,304,interface-use,profile,person,NativeChrome / MIcon,https://github.com/vigarepo2/eCourts/blob/6a1f600624981355b519fd83a1908637d25afc7c/app/src/main/java/in/wikio/ecourts/NativeUi.kt#L304
main,6a1f600624981355b519fd83a1908637d25afc7c,app/src/main/java/in/wikio/ecourts/NativeUi.kt,311,interface-use,settings,settings,NativeChrome / MIcon,https://github.com/vigarepo2/eCourts/blob/6a1f600624981355b519fd83a1908637d25afc7c/app/src/main/java/in/wikio/ecourts/NativeUi.kt#L311
main,6a1f600624981355b519fd83a1908637d25afc7c,app/src/main/java/in/wikio/ecourts/NativeUi.kt,317,interface-use,case,briefcase,NativeDestination / NativeDestination,https://github.com/vigarepo2/eCourts/blob/6a1f600624981355b519fd83a1908637d25afc7c/app/src/main/java/in/wikio/ecourts/NativeUi.kt#L317
main,6a1f600624981355b519fd83a1908637d25afc7c,app/src/main/java/in/wikio/ecourts/NativeUi.kt,318,interface-use,calendar,calendar,NativeDestination / NativeDestination,https://github.com/vigarepo2/eCourts/blob/6a1f600624981355b519fd83a1908637d25afc7c/app/src/main/java/in/wikio/ecourts/NativeUi.kt#L318
main,6a1f600624981355b519fd83a1908637d25afc7c,app/src/main/java/in/wikio/ecourts/NativeUi.kt,319,interface-use,search,search,NativeDestination / NativeDestination,https://github.com/vigarepo2/eCourts/blob/6a1f600624981355b519fd83a1908637d25afc7c/app/src/main/java/in/wikio/ecourts/NativeUi.kt#L319
main,6a1f600624981355b519fd83a1908637d25afc7c,app/src/main/java/in/wikio/ecourts/PdfViewerActivity.java,211,control-state,ProgressBar,loading,buildUi,https://github.com/vigarepo2/eCourts/blob/6a1f600624981355b519fd83a1908637d25afc7c/app/src/main/java/in/wikio/ecourts/PdfViewerActivity.java#L211
main,6a1f600624981355b519fd83a1908637d25afc7c,app/src/main/java/in/wikio/ecourts/PdfViewerActivity.java,160,drawable-use,ic_pdf_back,arrow-left,buildUi,https://github.com/vigarepo2/eCourts/blob/6a1f600624981355b519fd83a1908637d25afc7c/app/src/main/java/in/wikio/ecourts/PdfViewerActivity.java#L160
main,6a1f600624981355b519fd83a1908637d25afc7c,app/src/main/java/in/wikio/ecourts/PdfViewerActivity.java,185,drawable-use,ic_pdf_download,download,buildUi,https://github.com/vigarepo2/eCourts/blob/6a1f600624981355b519fd83a1908637d25afc7c/app/src/main/java/in/wikio/ecourts/PdfViewerActivity.java#L185
main,6a1f600624981355b519fd83a1908637d25afc7c,app/src/main/java/in/wikio/ecourts/PdfViewerActivity.java,190,drawable-use,ic_pdf_share,share,buildUi,https://github.com/vigarepo2/eCourts/blob/6a1f600624981355b519fd83a1908637d25afc7c/app/src/main/java/in/wikio/ecourts/PdfViewerActivity.java#L190
main,6a1f600624981355b519fd83a1908637d25afc7c,app/src/main/java/in/wikio/ecourts/PdfViewerActivity.java,196,drawable-use,ic_pdf_more,more,buildUi,https://github.com/vigarepo2/eCourts/blob/6a1f600624981355b519fd83a1908637d25afc7c/app/src/main/java/in/wikio/ecourts/PdfViewerActivity.java#L196
main,6a1f600624981355b519fd83a1908637d25afc7c,app/src/main/res/drawable/ic_fetch_notification.xml,1,drawable-definition,ic_fetch_notification,notification-fetch,Bundled resource; ic_pdf_link is available but has no current call site.,https://github.com/vigarepo2/eCourts/blob/6a1f600624981355b519fd83a1908637d25afc7c/app/src/main/res/drawable/ic_fetch_notification.xml#L1
main,6a1f600624981355b519fd83a1908637d25afc7c,app/src/main/res/drawable/ic_pdf_back.xml,1,drawable-definition,ic_pdf_back,arrow-left,Bundled resource; ic_pdf_link is available but has no current call site.,https://github.com/vigarepo2/eCourts/blob/6a1f600624981355b519fd83a1908637d25afc7c/app/src/main/res/drawable/ic_pdf_back.xml#L1
main,6a1f600624981355b519fd83a1908637d25afc7c,app/src/main/res/drawable/ic_pdf_download.xml,1,drawable-definition,ic_pdf_download,download,Bundled resource; ic_pdf_link is available but has no current call site.,https://github.com/vigarepo2/eCourts/blob/6a1f600624981355b519fd83a1908637d25afc7c/app/src/main/res/drawable/ic_pdf_download.xml#L1
main,6a1f600624981355b519fd83a1908637d25afc7c,app/src/main/res/drawable/ic_pdf_link.xml,1,drawable-definition,ic_pdf_link,link,Bundled resource; ic_pdf_link is available but has no current call site.,https://github.com/vigarepo2/eCourts/blob/6a1f600624981355b519fd83a1908637d25afc7c/app/src/main/res/drawable/ic_pdf_link.xml#L1
main,6a1f600624981355b519fd83a1908637d25afc7c,app/src/main/res/drawable/ic_pdf_more.xml,1,drawable-definition,ic_pdf_more,more,Bundled resource; ic_pdf_link is available but has no current call site.,https://github.com/vigarepo2/eCourts/blob/6a1f600624981355b519fd83a1908637d25afc7c/app/src/main/res/drawable/ic_pdf_more.xml#L1
main,6a1f600624981355b519fd83a1908637d25afc7c,app/src/main/res/drawable/ic_pdf_share.xml,1,drawable-definition,ic_pdf_share,share,Bundled resource; ic_pdf_link is available but has no current call site.,https://github.com/vigarepo2/eCourts/blob/6a1f600624981355b519fd83a1908637d25afc7c/app/src/main/res/drawable/ic_pdf_share.xml#L1
main,6a1f600624981355b519fd83a1908637d25afc7c,app/src/main/java/in/wikio/ecourts/NativeSettings.kt,127,text-feature,Import,import,"Currently text-only; optional icon for a future app implementation, not an existing icon-bearing control.",https://github.com/vigarepo2/eCourts/blob/6a1f600624981355b519fd83a1908637d25afc7c/app/src/main/java/in/wikio/ecourts/NativeSettings.kt#L127
main,6a1f600624981355b519fd83a1908637d25afc7c,app/src/main/java/in/wikio/ecourts/NativeSettings.kt,129,text-feature,Export,export,"Currently text-only; optional icon for a future app implementation, not an existing icon-bearing control.",https://github.com/vigarepo2/eCourts/blob/6a1f600624981355b519fd83a1908637d25afc7c/app/src/main/java/in/wikio/ecourts/NativeSettings.kt#L129
main,6a1f600624981355b519fd83a1908637d25afc7c,app/src/main/java/in/wikio/ecourts/NativeSettings.kt,107,text-feature,Private display,lock,"Currently text-only; optional icon for a future app implementation, not an existing icon-bearing control.",https://github.com/vigarepo2/eCourts/blob/6a1f600624981355b519fd83a1908637d25afc7c/app/src/main/java/in/wikio/ecourts/NativeSettings.kt#L107
main,6a1f600624981355b519fd83a1908637d25afc7c,app/src/main/java/in/wikio/ecourts/NativeSettings.kt,84,text-feature,Animation speed,settings,"Currently text-only; optional icon for a future app implementation, not an existing icon-bearing control.",https://github.com/vigarepo2/eCourts/blob/6a1f600624981355b519fd83a1908637d25afc7c/app/src/main/java/in/wikio/ecourts/NativeSettings.kt#L84
main,6a1f600624981355b519fd83a1908637d25afc7c,app/src/main/java/in/wikio/ecourts/NativeSettings.kt,91,text-feature,Glass finish,settings,"Currently text-only; optional icon for a future app implementation, not an existing icon-bearing control.",https://github.com/vigarepo2/eCourts/blob/6a1f600624981355b519fd83a1908637d25afc7c/app/src/main/java/in/wikio/ecourts/NativeSettings.kt#L91
main,6a1f600624981355b519fd83a1908637d25afc7c,app/src/main/java/in/wikio/ecourts/NativeCaseDetails.kt,335,text-feature,Parties & advocates,people,"Currently text-only; optional icon for a future app implementation, not an existing icon-bearing control.",https://github.com/vigarepo2/eCourts/blob/6a1f600624981355b519fd83a1908637d25afc7c/app/src/main/java/in/wikio/ecourts/NativeCaseDetails.kt#L335
main,6a1f600624981355b519fd83a1908637d25afc7c,app/src/main/java/in/wikio/ecourts/NativeCaseDetails.kt,44,text-feature,Processes,document,"Currently text-only; optional icon for a future app implementation, not an existing icon-bearing control.",https://github.com/vigarepo2/eCourts/blob/6a1f600624981355b519fd83a1908637d25afc7c/app/src/main/java/in/wikio/ecourts/NativeCaseDetails.kt#L44
liquid-glass-ui,b89473c58878765ac7a139826d6589af104cb07c,app/src/main/java/in/wikio/ecourts/BackgroundFetchService.java,270,drawable-use,ic_fetch_notification,notification-fetch,notification,https://github.com/vigarepo2/eCourts/blob/b89473c58878765ac7a139826d6589af104cb07c/app/src/main/java/in/wikio/ecourts/BackgroundFetchService.java#L270
liquid-glass-ui,b89473c58878765ac7a139826d6589af104cb07c,app/src/main/java/in/wikio/ecourts/CaseDb.java,859,unicode-symbol,→,transfer,From-court to to-court separator. Keep accessible text; icon is an optional visual replacement.,https://github.com/vigarepo2/eCourts/blob/b89473c58878765ac7a139826d6589af104cb07c/app/src/main/java/in/wikio/ecourts/CaseDb.java#L859
liquid-glass-ui,b89473c58878765ac7a139826d6589af104cb07c,app/src/main/java/in/wikio/ecourts/NativeCalendar.kt,60,interface-use,download,download,CalendarScreen / RoundAction,https://github.com/vigarepo2/eCourts/blob/b89473c58878765ac7a139826d6589af104cb07c/app/src/main/java/in/wikio/ecourts/NativeCalendar.kt#L60
liquid-glass-ui,b89473c58878765ac7a139826d6589af104cb07c,app/src/main/java/in/wikio/ecourts/NativeCalendar.kt,66,interface-use,download,download,CalendarScreen / RoundAction,https://github.com/vigarepo2/eCourts/blob/b89473c58878765ac7a139826d6589af104cb07c/app/src/main/java/in/wikio/ecourts/NativeCalendar.kt#L66
liquid-glass-ui,b89473c58878765ac7a139826d6589af104cb07c,app/src/main/java/in/wikio/ecourts/NativeCalendar.kt,74,interface-use,chevron-left,chevron-left,CalendarScreen / RoundAction,https://github.com/vigarepo2/eCourts/blob/b89473c58878765ac7a139826d6589af104cb07c/app/src/main/java/in/wikio/ecourts/NativeCalendar.kt#L74
liquid-glass-ui,b89473c58878765ac7a139826d6589af104cb07c,app/src/main/java/in/wikio/ecourts/NativeCalendar.kt,80,interface-use,calendar,calendar,CalendarScreen / MIcon,https://github.com/vigarepo2/eCourts/blob/b89473c58878765ac7a139826d6589af104cb07c/app/src/main/java/in/wikio/ecourts/NativeCalendar.kt#L80
liquid-glass-ui,b89473c58878765ac7a139826d6589af104cb07c,app/src/main/java/in/wikio/ecourts/NativeCalendar.kt,82,interface-use,chevron-right,chevron-right,CalendarScreen / RoundAction,https://github.com/vigarepo2/eCourts/blob/b89473c58878765ac7a139826d6589af104cb07c/app/src/main/java/in/wikio/ecourts/NativeCalendar.kt#L82
liquid-glass-ui,b89473c58878765ac7a139826d6589af104cb07c,app/src/main/java/in/wikio/ecourts/NativeCalendar.kt,127,interface-use,search,search,CalendarScreen / MIcon,https://github.com/vigarepo2/eCourts/blob/b89473c58878765ac7a139826d6589af104cb07c/app/src/main/java/in/wikio/ecourts/NativeCalendar.kt#L127
liquid-glass-ui,b89473c58878765ac7a139826d6589af104cb07c,app/src/main/java/in/wikio/ecourts/NativeCalendar.kt,127,interface-use,close,close,CalendarScreen / MIcon,https://github.com/vigarepo2/eCourts/blob/b89473c58878765ac7a139826d6589af104cb07c/app/src/main/java/in/wikio/ecourts/NativeCalendar.kt#L127
liquid-glass-ui,b89473c58878765ac7a139826d6589af104cb07c,app/src/main/java/in/wikio/ecourts/NativeCalendar.kt,131,control-state,LinearProgressIndicator,progress,CalendarScreen,https://github.com/vigarepo2/eCourts/blob/b89473c58878765ac7a139826d6589af104cb07c/app/src/main/java/in/wikio/ecourts/NativeCalendar.kt#L131
liquid-glass-ui,b89473c58878765ac7a139826d6589af104cb07c,app/src/main/java/in/wikio/ecourts/NativeCalendar.kt,132,interface-use,calendar,empty-calendar,CalendarScreen / EmptyState,https://github.com/vigarepo2/eCourts/blob/b89473c58878765ac7a139826d6589af104cb07c/app/src/main/java/in/wikio/ecourts/NativeCalendar.kt#L132
liquid-glass-ui,b89473c58878765ac7a139826d6589af104cb07c,app/src/main/java/in/wikio/ecourts/NativeCalendar.kt,181,interface-use,search,search,CalendarAgendaActions / RoundAction,https://github.com/vigarepo2/eCourts/blob/b89473c58878765ac7a139826d6589af104cb07c/app/src/main/java/in/wikio/ecourts/NativeCalendar.kt#L181
liquid-glass-ui,b89473c58878765ac7a139826d6589af104cb07c,app/src/main/java/in/wikio/ecourts/NativeCalendar.kt,182,interface-use,filter,filter,CalendarAgendaActions / RoundAction,https://github.com/vigarepo2/eCourts/blob/b89473c58878765ac7a139826d6589af104cb07c/app/src/main/java/in/wikio/ecourts/NativeCalendar.kt#L182
liquid-glass-ui,b89473c58878765ac7a139826d6589af104cb07c,app/src/main/java/in/wikio/ecourts/NativeCalendar.kt,183,interface-use,refresh,refresh,CalendarAgendaActions / RoundAction,https://github.com/vigarepo2/eCourts/blob/b89473c58878765ac7a139826d6589af104cb07c/app/src/main/java/in/wikio/ecourts/NativeCalendar.kt#L183
liquid-glass-ui,b89473c58878765ac7a139826d6589af104cb07c,app/src/main/java/in/wikio/ecourts/NativeCalendar.kt,274,interface-use,copy,copy,nextCell / MIcon,https://github.com/vigarepo2/eCourts/blob/b89473c58878765ac7a139826d6589af104cb07c/app/src/main/java/in/wikio/ecourts/NativeCalendar.kt#L274
liquid-glass-ui,b89473c58878765ac7a139826d6589af104cb07c,app/src/main/java/in/wikio/ecourts/NativeCalendar.kt,334,interface-use,calendar,calendar,CalendarExportSheet / NativeRow,https://github.com/vigarepo2/eCourts/blob/b89473c58878765ac7a139826d6589af104cb07c/app/src/main/java/in/wikio/ecourts/NativeCalendar.kt#L334
liquid-glass-ui,b89473c58878765ac7a139826d6589af104cb07c,app/src/main/java/in/wikio/ecourts/NativeCalendar.kt,336,interface-use,calendar,calendar,CalendarExportSheet / NativeRow,https://github.com/vigarepo2/eCourts/blob/b89473c58878765ac7a139826d6589af104cb07c/app/src/main/java/in/wikio/ecourts/NativeCalendar.kt#L336
liquid-glass-ui,b89473c58878765ac7a139826d6589af104cb07c,app/src/main/java/in/wikio/ecourts/NativeCalendar.kt,230,text-status,StatusPill,status-pending;status-disposed;status-undated;status-error;warning,"CalendarAgendaCard / currently text + colour; companion icons are optional, preserve status labels and logic.",https://github.com/vigarepo2/eCourts/blob/b89473c58878765ac7a139826d6589af104cb07c/app/src/main/java/in/wikio/ecourts/NativeCalendar.kt#L230
liquid-glass-ui,b89473c58878765ac7a139826d6589af104cb07c,app/src/main/java/in/wikio/ecourts/NativeCalendar.kt,251,text-status,StatusPill,status-pending;status-disposed;status-undated;status-error;warning,"nextCell / currently text + colour; companion icons are optional, preserve status labels and logic.",https://github.com/vigarepo2/eCourts/blob/b89473c58878765ac7a139826d6589af104cb07c/app/src/main/java/in/wikio/ecourts/NativeCalendar.kt#L251
liquid-glass-ui,b89473c58878765ac7a139826d6589af104cb07c,app/src/main/java/in/wikio/ecourts/NativeCaseData.kt,63,interface-use,close,close,CaseDataScreen / RoundAction,https://github.com/vigarepo2/eCourts/blob/b89473c58878765ac7a139826d6589af104cb07c/app/src/main/java/in/wikio/ecourts/NativeCaseData.kt#L63
liquid-glass-ui,b89473c58878765ac7a139826d6589af104cb07c,app/src/main/java/in/wikio/ecourts/NativeCaseData.kt,80,interface-use,copy,copy,CaseDataScreen / MIcon,https://github.com/vigarepo2/eCourts/blob/b89473c58878765ac7a139826d6589af104cb07c/app/src/main/java/in/wikio/ecourts/NativeCaseData.kt#L80
liquid-glass-ui,b89473c58878765ac7a139826d6589af104cb07c,app/src/main/java/in/wikio/ecourts/NativeCaseData.kt,92,interface-use,download,download,CaseDataScreen / MIcon,https://github.com/vigarepo2/eCourts/blob/b89473c58878765ac7a139826d6589af104cb07c/app/src/main/java/in/wikio/ecourts/NativeCaseData.kt#L92
liquid-glass-ui,b89473c58878765ac7a139826d6589af104cb07c,app/src/main/java/in/wikio/ecourts/NativeCaseData.kt,99,control-state,LinearProgressIndicator,progress,CaseDataScreen,https://github.com/vigarepo2/eCourts/blob/b89473c58878765ac7a139826d6589af104cb07c/app/src/main/java/in/wikio/ecourts/NativeCaseData.kt#L99
liquid-glass-ui,b89473c58878765ac7a139826d6589af104cb07c,app/src/main/java/in/wikio/ecourts/NativeCaseDetails.kt,87,interface-use,chevron-left,chevron-left,CaseDetailScreen / RoundAction,https://github.com/vigarepo2/eCourts/blob/b89473c58878765ac7a139826d6589af104cb07c/app/src/main/java/in/wikio/ecourts/NativeCaseDetails.kt#L87
liquid-glass-ui,b89473c58878765ac7a139826d6589af104cb07c,app/src/main/java/in/wikio/ecourts/NativeCaseDetails.kt,89,interface-use,"star-filled, star",star-filled;star,CaseDetailScreen / RoundAction,https://github.com/vigarepo2/eCourts/blob/b89473c58878765ac7a139826d6589af104cb07c/app/src/main/java/in/wikio/ecourts/NativeCaseDetails.kt#L89
liquid-glass-ui,b89473c58878765ac7a139826d6589af104cb07c,app/src/main/java/in/wikio/ecourts/NativeCaseDetails.kt,105,interface-use,court,courthouse,CaseDetailScreen / MIcon,https://github.com/vigarepo2/eCourts/blob/b89473c58878765ac7a139826d6589af104cb07c/app/src/main/java/in/wikio/ecourts/NativeCaseDetails.kt#L105
liquid-glass-ui,b89473c58878765ac7a139826d6589af104cb07c,app/src/main/java/in/wikio/ecourts/NativeCaseDetails.kt,165,interface-use,file,court-order,CaseDetailScreen / DetailShortcut,https://github.com/vigarepo2/eCourts/blob/b89473c58878765ac7a139826d6589af104cb07c/app/src/main/java/in/wikio/ecourts/NativeCaseDetails.kt#L165
liquid-glass-ui,b89473c58878765ac7a139826d6589af104cb07c,app/src/main/java/in/wikio/ecourts/NativeCaseDetails.kt,170,interface-use,history,history,CaseDetailScreen / DetailShortcut,https://github.com/vigarepo2/eCourts/blob/b89473c58878765ac7a139826d6589af104cb07c/app/src/main/java/in/wikio/ecourts/NativeCaseDetails.kt#L170
liquid-glass-ui,b89473c58878765ac7a139826d6589af104cb07c,app/src/main/java/in/wikio/ecourts/NativeCaseDetails.kt,194,interface-use,history,empty-history,CaseDetailScreen / EmptyState,https://github.com/vigarepo2/eCourts/blob/b89473c58878765ac7a139826d6589af104cb07c/app/src/main/java/in/wikio/ecourts/NativeCaseDetails.kt#L194
liquid-glass-ui,b89473c58878765ac7a139826d6589af104cb07c,app/src/main/java/in/wikio/ecourts/NativeCaseDetails.kt,202,interface-use,history,history,CaseDetailScreen / NativeRow,https://github.com/vigarepo2/eCourts/blob/b89473c58878765ac7a139826d6589af104cb07c/app/src/main/java/in/wikio/ecourts/NativeCaseDetails.kt#L202
liquid-glass-ui,b89473c58878765ac7a139826d6589af104cb07c,app/src/main/java/in/wikio/ecourts/NativeCaseDetails.kt,207,interface-use,file,empty-orders,CaseDetailScreen / EmptyState,https://github.com/vigarepo2/eCourts/blob/b89473c58878765ac7a139826d6589af104cb07c/app/src/main/java/in/wikio/ecourts/NativeCaseDetails.kt#L207
liquid-glass-ui,b89473c58878765ac7a139826d6589af104cb07c,app/src/main/java/in/wikio/ecourts/NativeCaseDetails.kt,228,control-state,RadioButton,radio-off;radio-on,CaseDetailScreen,https://github.com/vigarepo2/eCourts/blob/b89473c58878765ac7a139826d6589af104cb07c/app/src/main/java/in/wikio/ecourts/NativeCaseDetails.kt#L228
liquid-glass-ui,b89473c58878765ac7a139826d6589af104cb07c,app/src/main/java/in/wikio/ecourts/NativeCaseDetails.kt,282,interface-use,chevron-right,chevron-right,DetailShortcut / MIcon,https://github.com/vigarepo2/eCourts/blob/b89473c58878765ac7a139826d6589af104cb07c/app/src/main/java/in/wikio/ecourts/NativeCaseDetails.kt#L282
liquid-glass-ui,b89473c58878765ac7a139826d6589af104cb07c,app/src/main/java/in/wikio/ecourts/NativeCaseDetails.kt,370,interface-use,court,courthouse,ActsSection / NativeRow,https://github.com/vigarepo2/eCourts/blob/b89473c58878765ac7a139826d6589af104cb07c/app/src/main/java/in/wikio/ecourts/NativeCaseDetails.kt#L370
liquid-glass-ui,b89473c58878765ac7a139826d6589af104cb07c,app/src/main/java/in/wikio/ecourts/NativeCaseDetails.kt,386,interface-use,file,fir-document,FirSection / ActionPill,https://github.com/vigarepo2/eCourts/blob/b89473c58878765ac7a139826d6589af104cb07c/app/src/main/java/in/wikio/ecourts/NativeCaseDetails.kt#L386
liquid-glass-ui,b89473c58878765ac7a139826d6589af104cb07c,app/src/main/java/in/wikio/ecourts/NativeCaseDetails.kt,414,interface-use,"chevron-up, chevron-down",chevron-up;chevron-down,HearingCard / MIcon,https://github.com/vigarepo2/eCourts/blob/b89473c58878765ac7a139826d6589af104cb07c/app/src/main/java/in/wikio/ecourts/NativeCaseDetails.kt#L414
liquid-glass-ui,b89473c58878765ac7a139826d6589af104cb07c,app/src/main/java/in/wikio/ecourts/NativeCaseDetails.kt,423,interface-use,calendar,calendar,HearingCard / MIcon,https://github.com/vigarepo2/eCourts/blob/b89473c58878765ac7a139826d6589af104cb07c/app/src/main/java/in/wikio/ecourts/NativeCaseDetails.kt#L423
liquid-glass-ui,b89473c58878765ac7a139826d6589af104cb07c,app/src/main/java/in/wikio/ecourts/NativeCaseDetails.kt,471,interface-use,file,court-order,perform / MIcon,https://github.com/vigarepo2/eCourts/blob/b89473c58878765ac7a139826d6589af104cb07c/app/src/main/java/in/wikio/ecourts/NativeCaseDetails.kt#L471
liquid-glass-ui,b89473c58878765ac7a139826d6589af104cb07c,app/src/main/java/in/wikio/ecourts/NativeCaseDetails.kt,481,interface-use,"chevron-up, chevron-down",chevron-up;chevron-down,perform / MIcon,https://github.com/vigarepo2/eCourts/blob/b89473c58878765ac7a139826d6589af104cb07c/app/src/main/java/in/wikio/ecourts/NativeCaseDetails.kt#L481
liquid-glass-ui,b89473c58878765ac7a139826d6589af104cb07c,app/src/main/java/in/wikio/ecourts/NativeCaseDetails.kt,488,interface-use,download,download,perform / CompactDocumentAction,https://github.com/vigarepo2/eCourts/blob/b89473c58878765ac7a139826d6589af104cb07c/app/src/main/java/in/wikio/ecourts/NativeCaseDetails.kt#L488
liquid-glass-ui,b89473c58878765ac7a139826d6589af104cb07c,app/src/main/java/in/wikio/ecourts/NativeCaseDetails.kt,489,interface-use,share,share,perform / CompactDocumentAction,https://github.com/vigarepo2/eCourts/blob/b89473c58878765ac7a139826d6589af104cb07c/app/src/main/java/in/wikio/ecourts/NativeCaseDetails.kt#L489
liquid-glass-ui,b89473c58878765ac7a139826d6589af104cb07c,app/src/main/java/in/wikio/ecourts/NativeCaseDetails.kt,525,interface-use,note,empty-notes,CaseNotes / EmptyState,https://github.com/vigarepo2/eCourts/blob/b89473c58878765ac7a139826d6589af104cb07c/app/src/main/java/in/wikio/ecourts/NativeCaseDetails.kt#L525
liquid-glass-ui,b89473c58878765ac7a139826d6589af104cb07c,app/src/main/java/in/wikio/ecourts/NativeCaseDetails.kt,132,action-data,add,add,Save to profile,https://github.com/vigarepo2/eCourts/blob/b89473c58878765ac7a139826d6589af104cb07c/app/src/main/java/in/wikio/ecourts/NativeCaseDetails.kt#L132
liquid-glass-ui,b89473c58878765ac7a139826d6589af104cb07c,app/src/main/java/in/wikio/ecourts/NativeCaseDetails.kt,133,action-data,refresh,refresh,Refresh,https://github.com/vigarepo2/eCourts/blob/b89473c58878765ac7a139826d6589af104cb07c/app/src/main/java/in/wikio/ecourts/NativeCaseDetails.kt#L133
liquid-glass-ui,b89473c58878765ac7a139826d6589af104cb07c,app/src/main/java/in/wikio/ecourts/NativeCaseDetails.kt,134,action-data,file,document,Case data,https://github.com/vigarepo2/eCourts/blob/b89473c58878765ac7a139826d6589af104cb07c/app/src/main/java/in/wikio/ecourts/NativeCaseDetails.kt#L134
liquid-glass-ui,b89473c58878765ac7a139826d6589af104cb07c,app/src/main/java/in/wikio/ecourts/NativeCaseDetails.kt,136,action-data,history,history,Full history,https://github.com/vigarepo2/eCourts/blob/b89473c58878765ac7a139826d6589af104cb07c/app/src/main/java/in/wikio/ecourts/NativeCaseDetails.kt#L136
liquid-glass-ui,b89473c58878765ac7a139826d6589af104cb07c,app/src/main/java/in/wikio/ecourts/NativeCaseDetails.kt,137,action-data,tag,tag,Case state,https://github.com/vigarepo2/eCourts/blob/b89473c58878765ac7a139826d6589af104cb07c/app/src/main/java/in/wikio/ecourts/NativeCaseDetails.kt#L137
liquid-glass-ui,b89473c58878765ac7a139826d6589af104cb07c,app/src/main/java/in/wikio/ecourts/NativeCaseDetails.kt,138,action-data,trash,trash,Remove case,https://github.com/vigarepo2/eCourts/blob/b89473c58878765ac7a139826d6589af104cb07c/app/src/main/java/in/wikio/ecourts/NativeCaseDetails.kt#L138
liquid-glass-ui,b89473c58878765ac7a139826d6589af104cb07c,app/src/main/java/in/wikio/ecourts/NativeCaseDetails.kt,95,text-status,StatusPill,status-pending;status-disposed;status-undated;status-error;warning,"CaseDetailScreen / currently text + colour; companion icons are optional, preserve status labels and logic.",https://github.com/vigarepo2/eCourts/blob/b89473c58878765ac7a139826d6589af104cb07c/app/src/main/java/in/wikio/ecourts/NativeCaseDetails.kt#L95
liquid-glass-ui,b89473c58878765ac7a139826d6589af104cb07c,app/src/main/java/in/wikio/ecourts/NativeCaseDetails.kt,413,text-status,StatusPill,status-pending;status-disposed;status-undated;status-error;warning,"HearingCard / currently text + colour; companion icons are optional, preserve status labels and logic.",https://github.com/vigarepo2/eCourts/blob/b89473c58878765ac7a139826d6589af104cb07c/app/src/main/java/in/wikio/ecourts/NativeCaseDetails.kt#L413
liquid-glass-ui,b89473c58878765ac7a139826d6589af104cb07c,app/src/main/java/in/wikio/ecourts/NativeCases.kt,126,interface-use,add,add,selectCase / RoundAction,https://github.com/vigarepo2/eCourts/blob/b89473c58878765ac7a139826d6589af104cb07c/app/src/main/java/in/wikio/ecourts/NativeCases.kt#L126
liquid-glass-ui,b89473c58878765ac7a139826d6589af104cb07c,app/src/main/java/in/wikio/ecourts/NativeCases.kt,132,interface-use,search,search,selectCase / MIcon,https://github.com/vigarepo2/eCourts/blob/b89473c58878765ac7a139826d6589af104cb07c/app/src/main/java/in/wikio/ecourts/NativeCases.kt#L132
liquid-glass-ui,b89473c58878765ac7a139826d6589af104cb07c,app/src/main/java/in/wikio/ecourts/NativeCases.kt,133,interface-use,close,close,selectCase / MIcon,https://github.com/vigarepo2/eCourts/blob/b89473c58878765ac7a139826d6589af104cb07c/app/src/main/java/in/wikio/ecourts/NativeCases.kt#L133
liquid-glass-ui,b89473c58878765ac7a139826d6589af104cb07c,app/src/main/java/in/wikio/ecourts/NativeCases.kt,144,control-state,Checkbox,checkbox-off;checkbox-on,selectCase,https://github.com/vigarepo2/eCourts/blob/b89473c58878765ac7a139826d6589af104cb07c/app/src/main/java/in/wikio/ecourts/NativeCases.kt#L144
liquid-glass-ui,b89473c58878765ac7a139826d6589af104cb07c,app/src/main/java/in/wikio/ecourts/NativeCases.kt,151,interface-use,refresh,refresh,selectCase / CaseSelectionAction,https://github.com/vigarepo2/eCourts/blob/b89473c58878765ac7a139826d6589af104cb07c/app/src/main/java/in/wikio/ecourts/NativeCases.kt#L151
liquid-glass-ui,b89473c58878765ac7a139826d6589af104cb07c,app/src/main/java/in/wikio/ecourts/NativeCases.kt,154,interface-use,history,history,selectCase / CaseSelectionAction,https://github.com/vigarepo2/eCourts/blob/b89473c58878765ac7a139826d6589af104cb07c/app/src/main/java/in/wikio/ecourts/NativeCases.kt#L154
liquid-glass-ui,b89473c58878765ac7a139826d6589af104cb07c,app/src/main/java/in/wikio/ecourts/NativeCases.kt,158,interface-use,trash,trash,selectCase / CaseSelectionAction,https://github.com/vigarepo2/eCourts/blob/b89473c58878765ac7a139826d6589af104cb07c/app/src/main/java/in/wikio/ecourts/NativeCases.kt#L158
liquid-glass-ui,b89473c58878765ac7a139826d6589af104cb07c,app/src/main/java/in/wikio/ecourts/NativeCases.kt,167,interface-use,refresh,refresh,selectCase / NativeRow,https://github.com/vigarepo2/eCourts/blob/b89473c58878765ac7a139826d6589af104cb07c/app/src/main/java/in/wikio/ecourts/NativeCases.kt#L167
liquid-glass-ui,b89473c58878765ac7a139826d6589af104cb07c,app/src/main/java/in/wikio/ecourts/NativeCases.kt,170,control-state,LinearProgressIndicator,progress,selectCase,https://github.com/vigarepo2/eCourts/blob/b89473c58878765ac7a139826d6589af104cb07c/app/src/main/java/in/wikio/ecourts/NativeCases.kt#L170
liquid-glass-ui,b89473c58878765ac7a139826d6589af104cb07c,app/src/main/java/in/wikio/ecourts/NativeCases.kt,173,control-state,LinearProgressIndicator,progress,selectCase,https://github.com/vigarepo2/eCourts/blob/b89473c58878765ac7a139826d6589af104cb07c/app/src/main/java/in/wikio/ecourts/NativeCases.kt#L173
liquid-glass-ui,b89473c58878765ac7a139826d6589af104cb07c,app/src/main/java/in/wikio/ecourts/NativeCases.kt,175,interface-use,briefcase,empty-cases,selectCase / EmptyState,https://github.com/vigarepo2/eCourts/blob/b89473c58878765ac7a139826d6589af104cb07c/app/src/main/java/in/wikio/ecourts/NativeCases.kt#L175
liquid-glass-ui,b89473c58878765ac7a139826d6589af104cb07c,app/src/main/java/in/wikio/ecourts/NativeCases.kt,194,interface-use,"court, folder",courthouse;folder,selectCase / NativeRow,https://github.com/vigarepo2/eCourts/blob/b89473c58878765ac7a139826d6589af104cb07c/app/src/main/java/in/wikio/ecourts/NativeCases.kt#L194
liquid-glass-ui,b89473c58878765ac7a139826d6589af104cb07c,app/src/main/java/in/wikio/ecourts/NativeCases.kt,319,control-state,Checkbox,checkbox-off;checkbox-on,NativeCaseCard,https://github.com/vigarepo2/eCourts/blob/b89473c58878765ac7a139826d6589af104cb07c/app/src/main/java/in/wikio/ecourts/NativeCases.kt#L319
liquid-glass-ui,b89473c58878765ac7a139826d6589af104cb07c,app/src/main/java/in/wikio/ecourts/NativeCases.kt,321,interface-use,star,star,NativeCaseCard / MIcon,https://github.com/vigarepo2/eCourts/blob/b89473c58878765ac7a139826d6589af104cb07c/app/src/main/java/in/wikio/ecourts/NativeCases.kt#L321
liquid-glass-ui,b89473c58878765ac7a139826d6589af104cb07c,app/src/main/java/in/wikio/ecourts/NativeCases.kt,325,interface-use,more,more,NativeCaseCard / MIcon,https://github.com/vigarepo2/eCourts/blob/b89473c58878765ac7a139826d6589af104cb07c/app/src/main/java/in/wikio/ecourts/NativeCases.kt#L325
liquid-glass-ui,b89473c58878765ac7a139826d6589af104cb07c,app/src/main/java/in/wikio/ecourts/NativeCases.kt,332,interface-use,trash,trash,NativeCaseCard / MIcon,https://github.com/vigarepo2/eCourts/blob/b89473c58878765ac7a139826d6589af104cb07c/app/src/main/java/in/wikio/ecourts/NativeCases.kt#L332
liquid-glass-ui,b89473c58878765ac7a139826d6589af104cb07c,app/src/main/java/in/wikio/ecourts/NativeCases.kt,339,interface-use,court,courthouse,NativeCaseCard / MIcon,https://github.com/vigarepo2/eCourts/blob/b89473c58878765ac7a139826d6589af104cb07c/app/src/main/java/in/wikio/ecourts/NativeCases.kt#L339
liquid-glass-ui,b89473c58878765ac7a139826d6589af104cb07c,app/src/main/java/in/wikio/ecourts/NativeCases.kt,353,interface-use,"tag, note",tag;note,NativeCaseCard / MIcon,https://github.com/vigarepo2/eCourts/blob/b89473c58878765ac7a139826d6589af104cb07c/app/src/main/java/in/wikio/ecourts/NativeCases.kt#L353
liquid-glass-ui,b89473c58878765ac7a139826d6589af104cb07c,app/src/main/java/in/wikio/ecourts/NativeCases.kt,322,text-status,StatusPill,status-pending;status-disposed;status-undated;status-error;warning,"NativeCaseCard / currently text + colour; companion icons are optional, preserve status labels and logic.",https://github.com/vigarepo2/eCourts/blob/b89473c58878765ac7a139826d6589af104cb07c/app/src/main/java/in/wikio/ecourts/NativeCases.kt#L322
liquid-glass-ui,b89473c58878765ac7a139826d6589af104cb07c,app/src/main/java/in/wikio/ecourts/NativeDesign.kt,439,declared-symbol,case,briefcase,MIcon compatibility name; use records distinguish active use from an available renderer definition.,https://github.com/vigarepo2/eCourts/blob/b89473c58878765ac7a139826d6589af104cb07c/app/src/main/java/in/wikio/ecourts/NativeDesign.kt#L439
liquid-glass-ui,b89473c58878765ac7a139826d6589af104cb07c,app/src/main/java/in/wikio/ecourts/NativeDesign.kt,439,declared-symbol,briefcase,briefcase,MIcon compatibility name; use records distinguish active use from an available renderer definition.,https://github.com/vigarepo2/eCourts/blob/b89473c58878765ac7a139826d6589af104cb07c/app/src/main/java/in/wikio/ecourts/NativeDesign.kt#L439
liquid-glass-ui,b89473c58878765ac7a139826d6589af104cb07c,app/src/main/java/in/wikio/ecourts/NativeDesign.kt,440,declared-symbol,calendar,calendar,MIcon compatibility name; use records distinguish active use from an available renderer definition.,https://github.com/vigarepo2/eCourts/blob/b89473c58878765ac7a139826d6589af104cb07c/app/src/main/java/in/wikio/ecourts/NativeDesign.kt#L440
liquid-glass-ui,b89473c58878765ac7a139826d6589af104cb07c,app/src/main/java/in/wikio/ecourts/NativeDesign.kt,441,declared-symbol,search,search,MIcon compatibility name; use records distinguish active use from an available renderer definition.,https://github.com/vigarepo2/eCourts/blob/b89473c58878765ac7a139826d6589af104cb07c/app/src/main/java/in/wikio/ecourts/NativeDesign.kt#L441
liquid-glass-ui,b89473c58878765ac7a139826d6589af104cb07c,app/src/main/java/in/wikio/ecourts/NativeDesign.kt,442,declared-symbol,shield_search,fir-search,MIcon compatibility name; use records distinguish active use from an available renderer definition.,https://github.com/vigarepo2/eCourts/blob/b89473c58878765ac7a139826d6589af104cb07c/app/src/main/java/in/wikio/ecourts/NativeDesign.kt#L442
liquid-glass-ui,b89473c58878765ac7a139826d6589af104cb07c,app/src/main/java/in/wikio/ecourts/NativeDesign.kt,443,declared-symbol,hash,case-number,MIcon compatibility name; use records distinguish active use from an available renderer definition.,https://github.com/vigarepo2/eCourts/blob/b89473c58878765ac7a139826d6589af104cb07c/app/src/main/java/in/wikio/ecourts/NativeDesign.kt#L443
liquid-glass-ui,b89473c58878765ac7a139826d6589af104cb07c,app/src/main/java/in/wikio/ecourts/NativeDesign.kt,444,declared-symbol,scan,cnr,MIcon compatibility name; use records distinguish active use from an available renderer definition.,https://github.com/vigarepo2/eCourts/blob/b89473c58878765ac7a139826d6589af104cb07c/app/src/main/java/in/wikio/ecourts/NativeDesign.kt#L444
liquid-glass-ui,b89473c58878765ac7a139826d6589af104cb07c,app/src/main/java/in/wikio/ecourts/NativeDesign.kt,445,declared-symbol,settings,settings,MIcon compatibility name; use records distinguish active use from an available renderer definition.,https://github.com/vigarepo2/eCourts/blob/b89473c58878765ac7a139826d6589af104cb07c/app/src/main/java/in/wikio/ecourts/NativeDesign.kt#L445
liquid-glass-ui,b89473c58878765ac7a139826d6589af104cb07c,app/src/main/java/in/wikio/ecourts/NativeDesign.kt,446,declared-symbol,add,add,MIcon compatibility name; use records distinguish active use from an available renderer definition.,https://github.com/vigarepo2/eCourts/blob/b89473c58878765ac7a139826d6589af104cb07c/app/src/main/java/in/wikio/ecourts/NativeDesign.kt#L446
liquid-glass-ui,b89473c58878765ac7a139826d6589af104cb07c,app/src/main/java/in/wikio/ecourts/NativeDesign.kt,446,declared-symbol,plus,add,MIcon compatibility name; use records distinguish active use from an available renderer definition.,https://github.com/vigarepo2/eCourts/blob/b89473c58878765ac7a139826d6589af104cb07c/app/src/main/java/in/wikio/ecourts/NativeDesign.kt#L446
liquid-glass-ui,b89473c58878765ac7a139826d6589af104cb07c,app/src/main/java/in/wikio/ecourts/NativeDesign.kt,447,declared-symbol,back,arrow-left,MIcon compatibility name; use records distinguish active use from an available renderer definition.,https://github.com/vigarepo2/eCourts/blob/b89473c58878765ac7a139826d6589af104cb07c/app/src/main/java/in/wikio/ecourts/NativeDesign.kt#L447
liquid-glass-ui,b89473c58878765ac7a139826d6589af104cb07c,app/src/main/java/in/wikio/ecourts/NativeDesign.kt,448,declared-symbol,close,close,MIcon compatibility name; use records distinguish active use from an available renderer definition.,https://github.com/vigarepo2/eCourts/blob/b89473c58878765ac7a139826d6589af104cb07c/app/src/main/java/in/wikio/ecourts/NativeDesign.kt#L448
liquid-glass-ui,b89473c58878765ac7a139826d6589af104cb07c,app/src/main/java/in/wikio/ecourts/NativeDesign.kt,449,declared-symbol,more,more,MIcon compatibility name; use records distinguish active use from an available renderer definition.,https://github.com/vigarepo2/eCourts/blob/b89473c58878765ac7a139826d6589af104cb07c/app/src/main/java/in/wikio/ecourts/NativeDesign.kt#L449
liquid-glass-ui,b89473c58878765ac7a139826d6589af104cb07c,app/src/main/java/in/wikio/ecourts/NativeDesign.kt,450,declared-symbol,chevron,chevron-right,MIcon compatibility name; use records distinguish active use from an available renderer definition.,https://github.com/vigarepo2/eCourts/blob/b89473c58878765ac7a139826d6589af104cb07c/app/src/main/java/in/wikio/ecourts/NativeDesign.kt#L450
liquid-glass-ui,b89473c58878765ac7a139826d6589af104cb07c,app/src/main/java/in/wikio/ecourts/NativeDesign.kt,450,declared-symbol,chevron_right,chevron-right,MIcon compatibility name; use records distinguish active use from an available renderer definition.,https://github.com/vigarepo2/eCourts/blob/b89473c58878765ac7a139826d6589af104cb07c/app/src/main/java/in/wikio/ecourts/NativeDesign.kt#L450
liquid-glass-ui,b89473c58878765ac7a139826d6589af104cb07c,app/src/main/java/in/wikio/ecourts/NativeDesign.kt,451,declared-symbol,chevron_left,chevron-left,MIcon compatibility name; use records distinguish active use from an available renderer definition.,https://github.com/vigarepo2/eCourts/blob/b89473c58878765ac7a139826d6589af104cb07c/app/src/main/java/in/wikio/ecourts/NativeDesign.kt#L451
liquid-glass-ui,b89473c58878765ac7a139826d6589af104cb07c,app/src/main/java/in/wikio/ecourts/NativeDesign.kt,452,declared-symbol,chevron_up,chevron-up,MIcon compatibility name; use records distinguish active use from an available renderer definition.,https://github.com/vigarepo2/eCourts/blob/b89473c58878765ac7a139826d6589af104cb07c/app/src/main/java/in/wikio/ecourts/NativeDesign.kt#L452
liquid-glass-ui,b89473c58878765ac7a139826d6589af104cb07c,app/src/main/java/in/wikio/ecourts/NativeDesign.kt,453,declared-symbol,chevron_down,chevron-down,MIcon compatibility name; use records distinguish active use from an available renderer definition.,https://github.com/vigarepo2/eCourts/blob/b89473c58878765ac7a139826d6589af104cb07c/app/src/main/java/in/wikio/ecourts/NativeDesign.kt#L453
liquid-glass-ui,b89473c58878765ac7a139826d6589af104cb07c,app/src/main/java/in/wikio/ecourts/NativeDesign.kt,454,declared-symbol,refresh,refresh,MIcon compatibility name; use records distinguish active use from an available renderer definition.,https://github.com/vigarepo2/eCourts/blob/b89473c58878765ac7a139826d6589af104cb07c/app/src/main/java/in/wikio/ecourts/NativeDesign.kt#L454
liquid-glass-ui,b89473c58878765ac7a139826d6589af104cb07c,app/src/main/java/in/wikio/ecourts/NativeDesign.kt,454,declared-symbol,sync,refresh,MIcon compatibility name; use records distinguish active use from an available renderer definition.,https://github.com/vigarepo2/eCourts/blob/b89473c58878765ac7a139826d6589af104cb07c/app/src/main/java/in/wikio/ecourts/NativeDesign.kt#L454
liquid-glass-ui,b89473c58878765ac7a139826d6589af104cb07c,app/src/main/java/in/wikio/ecourts/NativeDesign.kt,455,declared-symbol,import,import,MIcon compatibility name; use records distinguish active use from an available renderer definition.,https://github.com/vigarepo2/eCourts/blob/b89473c58878765ac7a139826d6589af104cb07c/app/src/main/java/in/wikio/ecourts/NativeDesign.kt#L455
liquid-glass-ui,b89473c58878765ac7a139826d6589af104cb07c,app/src/main/java/in/wikio/ecourts/NativeDesign.kt,456,declared-symbol,export,export,MIcon compatibility name; use records distinguish active use from an available renderer definition.,https://github.com/vigarepo2/eCourts/blob/b89473c58878765ac7a139826d6589af104cb07c/app/src/main/java/in/wikio/ecourts/NativeDesign.kt#L456
liquid-glass-ui,b89473c58878765ac7a139826d6589af104cb07c,app/src/main/java/in/wikio/ecourts/NativeDesign.kt,457,declared-symbol,download,download,MIcon compatibility name; use records distinguish active use from an available renderer definition.,https://github.com/vigarepo2/eCourts/blob/b89473c58878765ac7a139826d6589af104cb07c/app/src/main/java/in/wikio/ecourts/NativeDesign.kt#L457
liquid-glass-ui,b89473c58878765ac7a139826d6589af104cb07c,app/src/main/java/in/wikio/ecourts/NativeDesign.kt,458,declared-symbol,link,link,MIcon compatibility name; use records distinguish active use from an available renderer definition.,https://github.com/vigarepo2/eCourts/blob/b89473c58878765ac7a139826d6589af104cb07c/app/src/main/java/in/wikio/ecourts/NativeDesign.kt#L458
liquid-glass-ui,b89473c58878765ac7a139826d6589af104cb07c,app/src/main/java/in/wikio/ecourts/NativeDesign.kt,459,declared-symbol,share,share,MIcon compatibility name; use records distinguish active use from an available renderer definition.,https://github.com/vigarepo2/eCourts/blob/b89473c58878765ac7a139826d6589af104cb07c/app/src/main/java/in/wikio/ecourts/NativeDesign.kt#L459
liquid-glass-ui,b89473c58878765ac7a139826d6589af104cb07c,app/src/main/java/in/wikio/ecourts/NativeDesign.kt,460,declared-symbol,star,star,MIcon compatibility name; use records distinguish active use from an available renderer definition.,https://github.com/vigarepo2/eCourts/blob/b89473c58878765ac7a139826d6589af104cb07c/app/src/main/java/in/wikio/ecourts/NativeDesign.kt#L460
liquid-glass-ui,b89473c58878765ac7a139826d6589af104cb07c,app/src/main/java/in/wikio/ecourts/NativeDesign.kt,460,declared-symbol,star_filled,star-filled,MIcon compatibility name; use records distinguish active use from an available renderer definition.,https://github.com/vigarepo2/eCourts/blob/b89473c58878765ac7a139826d6589af104cb07c/app/src/main/java/in/wikio/ecourts/NativeDesign.kt#L460
liquid-glass-ui,b89473c58878765ac7a139826d6589af104cb07c,app/src/main/java/in/wikio/ecourts/NativeDesign.kt,461,declared-symbol,note,note,MIcon compatibility name; use records distinguish active use from an available renderer definition.,https://github.com/vigarepo2/eCourts/blob/b89473c58878765ac7a139826d6589af104cb07c/app/src/main/java/in/wikio/ecourts/NativeDesign.kt#L461
liquid-glass-ui,b89473c58878765ac7a139826d6589af104cb07c,app/src/main/java/in/wikio/ecourts/NativeDesign.kt,462,declared-symbol,tag,tag,MIcon compatibility name; use records distinguish active use from an available renderer definition.,https://github.com/vigarepo2/eCourts/blob/b89473c58878765ac7a139826d6589af104cb07c/app/src/main/java/in/wikio/ecourts/NativeDesign.kt#L462
liquid-glass-ui,b89473c58878765ac7a139826d6589af104cb07c,app/src/main/java/in/wikio/ecourts/NativeDesign.kt,463,declared-symbol,check,check,MIcon compatibility name; use records distinguish active use from an available renderer definition.,https://github.com/vigarepo2/eCourts/blob/b89473c58878765ac7a139826d6589af104cb07c/app/src/main/java/in/wikio/ecourts/NativeDesign.kt#L463
liquid-glass-ui,b89473c58878765ac7a139826d6589af104cb07c,app/src/main/java/in/wikio/ecourts/NativeDesign.kt,464,declared-symbol,warning,warning,MIcon compatibility name; use records distinguish active use from an available renderer definition.,https://github.com/vigarepo2/eCourts/blob/b89473c58878765ac7a139826d6589af104cb07c/app/src/main/java/in/wikio/ecourts/NativeDesign.kt#L464
liquid-glass-ui,b89473c58878765ac7a139826d6589af104cb07c,app/src/main/java/in/wikio/ecourts/NativeDesign.kt,465,declared-symbol,info,info,MIcon compatibility name; use records distinguish active use from an available renderer definition.,https://github.com/vigarepo2/eCourts/blob/b89473c58878765ac7a139826d6589af104cb07c/app/src/main/java/in/wikio/ecourts/NativeDesign.kt#L465
liquid-glass-ui,b89473c58878765ac7a139826d6589af104cb07c,app/src/main/java/in/wikio/ecourts/NativeDesign.kt,465,declared-symbol,help,help,MIcon compatibility name; use records distinguish active use from an available renderer definition.,https://github.com/vigarepo2/eCourts/blob/b89473c58878765ac7a139826d6589af104cb07c/app/src/main/java/in/wikio/ecourts/NativeDesign.kt#L465
liquid-glass-ui,b89473c58878765ac7a139826d6589af104cb07c,app/src/main/java/in/wikio/ecourts/NativeDesign.kt,466,declared-symbol,lock,lock,MIcon compatibility name; use records distinguish active use from an available renderer definition.,https://github.com/vigarepo2/eCourts/blob/b89473c58878765ac7a139826d6589af104cb07c/app/src/main/java/in/wikio/ecourts/NativeDesign.kt#L466
liquid-glass-ui,b89473c58878765ac7a139826d6589af104cb07c,app/src/main/java/in/wikio/ecourts/NativeDesign.kt,467,declared-symbol,moon,moon,MIcon compatibility name; use records distinguish active use from an available renderer definition.,https://github.com/vigarepo2/eCourts/blob/b89473c58878765ac7a139826d6589af104cb07c/app/src/main/java/in/wikio/ecourts/NativeDesign.kt#L467
liquid-glass-ui,b89473c58878765ac7a139826d6589af104cb07c,app/src/main/java/in/wikio/ecourts/NativeDesign.kt,468,declared-symbol,sun,sun,MIcon compatibility name; use records distinguish active use from an available renderer definition.,https://github.com/vigarepo2/eCourts/blob/b89473c58878765ac7a139826d6589af104cb07c/app/src/main/java/in/wikio/ecourts/NativeDesign.kt#L468
liquid-glass-ui,b89473c58878765ac7a139826d6589af104cb07c,app/src/main/java/in/wikio/ecourts/NativeDesign.kt,469,declared-symbol,system,display,MIcon compatibility name; use records distinguish active use from an available renderer definition.,https://github.com/vigarepo2/eCourts/blob/b89473c58878765ac7a139826d6589af104cb07c/app/src/main/java/in/wikio/ecourts/NativeDesign.kt#L469
liquid-glass-ui,b89473c58878765ac7a139826d6589af104cb07c,app/src/main/java/in/wikio/ecourts/NativeDesign.kt,470,declared-symbol,profile,person,MIcon compatibility name; use records distinguish active use from an available renderer definition.,https://github.com/vigarepo2/eCourts/blob/b89473c58878765ac7a139826d6589af104cb07c/app/src/main/java/in/wikio/ecourts/NativeDesign.kt#L470
liquid-glass-ui,b89473c58878765ac7a139826d6589af104cb07c,app/src/main/java/in/wikio/ecourts/NativeDesign.kt,470,declared-symbol,person,person,MIcon compatibility name; use records distinguish active use from an available renderer definition.,https://github.com/vigarepo2/eCourts/blob/b89473c58878765ac7a139826d6589af104cb07c/app/src/main/java/in/wikio/ecourts/NativeDesign.kt#L470
liquid-glass-ui,b89473c58878765ac7a139826d6589af104cb07c,app/src/main/java/in/wikio/ecourts/NativeDesign.kt,471,declared-symbol,folder,folder,MIcon compatibility name; use records distinguish active use from an available renderer definition.,https://github.com/vigarepo2/eCourts/blob/b89473c58878765ac7a139826d6589af104cb07c/app/src/main/java/in/wikio/ecourts/NativeDesign.kt#L471
liquid-glass-ui,b89473c58878765ac7a139826d6589af104cb07c,app/src/main/java/in/wikio/ecourts/NativeDesign.kt,472,declared-symbol,court,courthouse,MIcon compatibility name; use records distinguish active use from an available renderer definition.,https://github.com/vigarepo2/eCourts/blob/b89473c58878765ac7a139826d6589af104cb07c/app/src/main/java/in/wikio/ecourts/NativeDesign.kt#L472
liquid-glass-ui,b89473c58878765ac7a139826d6589af104cb07c,app/src/main/java/in/wikio/ecourts/NativeDesign.kt,473,declared-symbol,document,document,MIcon compatibility name; use records distinguish active use from an available renderer definition.,https://github.com/vigarepo2/eCourts/blob/b89473c58878765ac7a139826d6589af104cb07c/app/src/main/java/in/wikio/ecourts/NativeDesign.kt#L473
liquid-glass-ui,b89473c58878765ac7a139826d6589af104cb07c,app/src/main/java/in/wikio/ecourts/NativeDesign.kt,473,declared-symbol,file,document,MIcon compatibility name; use records distinguish active use from an available renderer definition.,https://github.com/vigarepo2/eCourts/blob/b89473c58878765ac7a139826d6589af104cb07c/app/src/main/java/in/wikio/ecourts/NativeDesign.kt#L473
liquid-glass-ui,b89473c58878765ac7a139826d6589af104cb07c,app/src/main/java/in/wikio/ecourts/NativeDesign.kt,474,declared-symbol,filter,filter,MIcon compatibility name; use records distinguish active use from an available renderer definition.,https://github.com/vigarepo2/eCourts/blob/b89473c58878765ac7a139826d6589af104cb07c/app/src/main/java/in/wikio/ecourts/NativeDesign.kt#L474
liquid-glass-ui,b89473c58878765ac7a139826d6589af104cb07c,app/src/main/java/in/wikio/ecourts/NativeDesign.kt,475,declared-symbol,sort,sort,MIcon compatibility name; use records distinguish active use from an available renderer definition.,https://github.com/vigarepo2/eCourts/blob/b89473c58878765ac7a139826d6589af104cb07c/app/src/main/java/in/wikio/ecourts/NativeDesign.kt#L475
liquid-glass-ui,b89473c58878765ac7a139826d6589af104cb07c,app/src/main/java/in/wikio/ecourts/NativeDesign.kt,476,declared-symbol,stop,stop,MIcon compatibility name; use records distinguish active use from an available renderer definition.,https://github.com/vigarepo2/eCourts/blob/b89473c58878765ac7a139826d6589af104cb07c/app/src/main/java/in/wikio/ecourts/NativeDesign.kt#L476
liquid-glass-ui,b89473c58878765ac7a139826d6589af104cb07c,app/src/main/java/in/wikio/ecourts/NativeDesign.kt,477,declared-symbol,trash,trash,MIcon compatibility name; use records distinguish active use from an available renderer definition.,https://github.com/vigarepo2/eCourts/blob/b89473c58878765ac7a139826d6589af104cb07c/app/src/main/java/in/wikio/ecourts/NativeDesign.kt#L477
liquid-glass-ui,b89473c58878765ac7a139826d6589af104cb07c,app/src/main/java/in/wikio/ecourts/NativeDesign.kt,477,declared-symbol,delete,trash,MIcon compatibility name; use records distinguish active use from an available renderer definition.,https://github.com/vigarepo2/eCourts/blob/b89473c58878765ac7a139826d6589af104cb07c/app/src/main/java/in/wikio/ecourts/NativeDesign.kt#L477
liquid-glass-ui,b89473c58878765ac7a139826d6589af104cb07c,app/src/main/java/in/wikio/ecourts/NativeDesign.kt,478,declared-symbol,edit,edit,MIcon compatibility name; use records distinguish active use from an available renderer definition.,https://github.com/vigarepo2/eCourts/blob/b89473c58878765ac7a139826d6589af104cb07c/app/src/main/java/in/wikio/ecourts/NativeDesign.kt#L478
liquid-glass-ui,b89473c58878765ac7a139826d6589af104cb07c,app/src/main/java/in/wikio/ecourts/NativeDesign.kt,479,declared-symbol,copy,copy,MIcon compatibility name; use records distinguish active use from an available renderer definition.,https://github.com/vigarepo2/eCourts/blob/b89473c58878765ac7a139826d6589af104cb07c/app/src/main/java/in/wikio/ecourts/NativeDesign.kt#L479
liquid-glass-ui,b89473c58878765ac7a139826d6589af104cb07c,app/src/main/java/in/wikio/ecourts/NativeDesign.kt,480,declared-symbol,network,wifi,MIcon compatibility name; use records distinguish active use from an available renderer definition.,https://github.com/vigarepo2/eCourts/blob/b89473c58878765ac7a139826d6589af104cb07c/app/src/main/java/in/wikio/ecourts/NativeDesign.kt#L480
liquid-glass-ui,b89473c58878765ac7a139826d6589af104cb07c,app/src/main/java/in/wikio/ecourts/NativeDesign.kt,480,declared-symbol,wifi,wifi,MIcon compatibility name; use records distinguish active use from an available renderer definition.,https://github.com/vigarepo2/eCourts/blob/b89473c58878765ac7a139826d6589af104cb07c/app/src/main/java/in/wikio/ecourts/NativeDesign.kt#L480
liquid-glass-ui,b89473c58878765ac7a139826d6589af104cb07c,app/src/main/java/in/wikio/ecourts/NativeDesign.kt,481,declared-symbol,eye,eye,MIcon compatibility name; use records distinguish active use from an available renderer definition.,https://github.com/vigarepo2/eCourts/blob/b89473c58878765ac7a139826d6589af104cb07c/app/src/main/java/in/wikio/ecourts/NativeDesign.kt#L481
liquid-glass-ui,b89473c58878765ac7a139826d6589af104cb07c,app/src/main/java/in/wikio/ecourts/NativeDesign.kt,482,declared-symbol,history,history,MIcon compatibility name; use records distinguish active use from an available renderer definition.,https://github.com/vigarepo2/eCourts/blob/b89473c58878765ac7a139826d6589af104cb07c/app/src/main/java/in/wikio/ecourts/NativeDesign.kt#L482
liquid-glass-ui,b89473c58878765ac7a139826d6589af104cb07c,app/src/main/java/in/wikio/ecourts/NativeDesign.kt,483,declared-symbol,gavel,gavel,MIcon compatibility name; use records distinguish active use from an available renderer definition.,https://github.com/vigarepo2/eCourts/blob/b89473c58878765ac7a139826d6589af104cb07c/app/src/main/java/in/wikio/ecourts/NativeDesign.kt#L483
liquid-glass-ui,b89473c58878765ac7a139826d6589af104cb07c,app/src/main/java/in/wikio/ecourts/NativeDesign.kt,484,declared-symbol,bell,bell,MIcon compatibility name; use records distinguish active use from an available renderer definition.,https://github.com/vigarepo2/eCourts/blob/b89473c58878765ac7a139826d6589af104cb07c/app/src/main/java/in/wikio/ecourts/NativeDesign.kt#L484
liquid-glass-ui,b89473c58878765ac7a139826d6589af104cb07c,app/src/main/java/in/wikio/ecourts/NativeDesign.kt,285,interface-use,chevron,chevron-right,NativeRow / MIcon,https://github.com/vigarepo2/eCourts/blob/b89473c58878765ac7a139826d6589af104cb07c/app/src/main/java/in/wikio/ecourts/NativeDesign.kt#L285
liquid-glass-ui,b89473c58878765ac7a139826d6589af104cb07c,app/src/main/java/in/wikio/ecourts/NativeDesign.kt,366,interface-use,copy,copy,CnrText / MIcon,https://github.com/vigarepo2/eCourts/blob/b89473c58878765ac7a139826d6589af104cb07c/app/src/main/java/in/wikio/ecourts/NativeDesign.kt#L366
liquid-glass-ui,b89473c58878765ac7a139826d6589af104cb07c,app/src/main/java/in/wikio/ecourts/NativeDesign.kt,348,text-status,nativeStatusColor,status-pending;status-disposed;status-undated;status-error;warning,"StatusPill / currently text + colour; companion icons are optional, preserve status labels and logic.",https://github.com/vigarepo2/eCourts/blob/b89473c58878765ac7a139826d6589af104cb07c/app/src/main/java/in/wikio/ecourts/NativeDesign.kt#L348
liquid-glass-ui,b89473c58878765ac7a139826d6589af104cb07c,app/src/main/java/in/wikio/ecourts/NativeDocumentExport.kt,47,interface-use,check,check,DocumentChoiceRow / MIcon,https://github.com/vigarepo2/eCourts/blob/b89473c58878765ac7a139826d6589af104cb07c/app/src/main/java/in/wikio/ecourts/NativeDocumentExport.kt#L47
liquid-glass-ui,b89473c58878765ac7a139826d6589af104cb07c,app/src/main/java/in/wikio/ecourts/NativeDocumentExport.kt,61,interface-use,file,document,DocumentExportSheet / MIcon,https://github.com/vigarepo2/eCourts/blob/b89473c58878765ac7a139826d6589af104cb07c/app/src/main/java/in/wikio/ecourts/NativeDocumentExport.kt#L61
liquid-glass-ui,b89473c58878765ac7a139826d6589af104cb07c,app/src/main/java/in/wikio/ecourts/NativeFir.kt,39,interface-use,file,fir-document,NativeFirForm / MIcon,https://github.com/vigarepo2/eCourts/blob/b89473c58878765ac7a139826d6589af104cb07c/app/src/main/java/in/wikio/ecourts/NativeFir.kt#L39
liquid-glass-ui,b89473c58878765ac7a139826d6589af104cb07c,app/src/main/java/in/wikio/ecourts/NativeFir.kt,78,control-state,CircularProgressIndicator,loading,NativeFirForm,https://github.com/vigarepo2/eCourts/blob/b89473c58878765ac7a139826d6589af104cb07c/app/src/main/java/in/wikio/ecourts/NativeFir.kt#L78
liquid-glass-ui,b89473c58878765ac7a139826d6589af104cb07c,app/src/main/java/in/wikio/ecourts/NativeFir.kt,81,interface-use,file,fir-document,NativeFirForm / MIcon,https://github.com/vigarepo2/eCourts/blob/b89473c58878765ac7a139826d6589af104cb07c/app/src/main/java/in/wikio/ecourts/NativeFir.kt#L81
liquid-glass-ui,b89473c58878765ac7a139826d6589af104cb07c,app/src/main/java/in/wikio/ecourts/NativeJson.kt,207,unicode-symbol,→,transfer,From-court to to-court separator. Keep accessible text; icon is an optional visual replacement.,https://github.com/vigarepo2/eCourts/blob/b89473c58878765ac7a139826d6589af104cb07c/app/src/main/java/in/wikio/ecourts/NativeJson.kt#L207
liquid-glass-ui,b89473c58878765ac7a139826d6589af104cb07c,app/src/main/java/in/wikio/ecourts/NativeProfiles.kt,288,profile-choice,scale,scales,Scales / Work,https://github.com/vigarepo2/eCourts/blob/b89473c58878765ac7a139826d6589af104cb07c/app/src/main/java/in/wikio/ecourts/NativeProfiles.kt#L288
liquid-glass-ui,b89473c58878765ac7a139826d6589af104cb07c,app/src/main/java/in/wikio/ecourts/NativeProfiles.kt,289,profile-choice,gavel,gavel,Gavel / Work,https://github.com/vigarepo2/eCourts/blob/b89473c58878765ac7a139826d6589af104cb07c/app/src/main/java/in/wikio/ecourts/NativeProfiles.kt#L289
liquid-glass-ui,b89473c58878765ac7a139826d6589af104cb07c,app/src/main/java/in/wikio/ecourts/NativeProfiles.kt,290,profile-choice,landmark,courthouse,Courthouse / Work,https://github.com/vigarepo2/eCourts/blob/b89473c58878765ac7a139826d6589af104cb07c/app/src/main/java/in/wikio/ecourts/NativeProfiles.kt#L290
liquid-glass-ui,b89473c58878765ac7a139826d6589af104cb07c,app/src/main/java/in/wikio/ecourts/NativeProfiles.kt,291,profile-choice,briefcase,briefcase,Briefcase / Work,https://github.com/vigarepo2/eCourts/blob/b89473c58878765ac7a139826d6589af104cb07c/app/src/main/java/in/wikio/ecourts/NativeProfiles.kt#L291
liquid-glass-ui,b89473c58878765ac7a139826d6589af104cb07c,app/src/main/java/in/wikio/ecourts/NativeProfiles.kt,292,profile-choice,book-open,book,Open book / Work,https://github.com/vigarepo2/eCourts/blob/b89473c58878765ac7a139826d6589af104cb07c/app/src/main/java/in/wikio/ecourts/NativeProfiles.kt#L292
liquid-glass-ui,b89473c58878765ac7a139826d6589af104cb07c,app/src/main/java/in/wikio/ecourts/NativeProfiles.kt,293,profile-choice,scroll-text,scroll,Scroll / Work,https://github.com/vigarepo2/eCourts/blob/b89473c58878765ac7a139826d6589af104cb07c/app/src/main/java/in/wikio/ecourts/NativeProfiles.kt#L293
liquid-glass-ui,b89473c58878765ac7a139826d6589af104cb07c,app/src/main/java/in/wikio/ecourts/NativeProfiles.kt,294,profile-choice,stamp,stamp,Stamp / Work,https://github.com/vigarepo2/eCourts/blob/b89473c58878765ac7a139826d6589af104cb07c/app/src/main/java/in/wikio/ecourts/NativeProfiles.kt#L294
liquid-glass-ui,b89473c58878765ac7a139826d6589af104cb07c,app/src/main/java/in/wikio/ecourts/NativeProfiles.kt,295,profile-choice,notebook-pen,notebook-pen,Notebook and pen / Work,https://github.com/vigarepo2/eCourts/blob/b89473c58878765ac7a139826d6589af104cb07c/app/src/main/java/in/wikio/ecourts/NativeProfiles.kt#L295
liquid-glass-ui,b89473c58878765ac7a139826d6589af104cb07c,app/src/main/java/in/wikio/ecourts/NativeProfiles.kt,296,profile-choice,clipboard-list,clipboard,Clipboard / Work,https://github.com/vigarepo2/eCourts/blob/b89473c58878765ac7a139826d6589af104cb07c/app/src/main/java/in/wikio/ecourts/NativeProfiles.kt#L296
liquid-glass-ui,b89473c58878765ac7a139826d6589af104cb07c,app/src/main/java/in/wikio/ecourts/NativeProfiles.kt,297,profile-choice,file-text,document,Document / Work,https://github.com/vigarepo2/eCourts/blob/b89473c58878765ac7a139826d6589af104cb07c/app/src/main/java/in/wikio/ecourts/NativeProfiles.kt#L297
liquid-glass-ui,b89473c58878765ac7a139826d6589af104cb07c,app/src/main/java/in/wikio/ecourts/NativeProfiles.kt,298,profile-choice,folder-open,folder,Folder / Work,https://github.com/vigarepo2/eCourts/blob/b89473c58878765ac7a139826d6589af104cb07c/app/src/main/java/in/wikio/ecourts/NativeProfiles.kt#L298
liquid-glass-ui,b89473c58878765ac7a139826d6589af104cb07c,app/src/main/java/in/wikio/ecourts/NativeProfiles.kt,299,profile-choice,archive,archive,Archive / Work,https://github.com/vigarepo2/eCourts/blob/b89473c58878765ac7a139826d6589af104cb07c/app/src/main/java/in/wikio/ecourts/NativeProfiles.kt#L299
liquid-glass-ui,b89473c58878765ac7a139826d6589af104cb07c,app/src/main/java/in/wikio/ecourts/NativeProfiles.kt,300,profile-choice,library-big,library,Library / Work,https://github.com/vigarepo2/eCourts/blob/b89473c58878765ac7a139826d6589af104cb07c/app/src/main/java/in/wikio/ecourts/NativeProfiles.kt#L300
liquid-glass-ui,b89473c58878765ac7a139826d6589af104cb07c,app/src/main/java/in/wikio/ecourts/NativeProfiles.kt,301,profile-choice,building-2,building,Office building / Work,https://github.com/vigarepo2/eCourts/blob/b89473c58878765ac7a139826d6589af104cb07c/app/src/main/java/in/wikio/ecourts/NativeProfiles.kt#L301
liquid-glass-ui,b89473c58878765ac7a139826d6589af104cb07c,app/src/main/java/in/wikio/ecourts/NativeProfiles.kt,302,profile-choice,presentation,presentation,Presentation / Work,https://github.com/vigarepo2/eCourts/blob/b89473c58878765ac7a139826d6589af104cb07c/app/src/main/java/in/wikio/ecourts/NativeProfiles.kt#L302
liquid-glass-ui,b89473c58878765ac7a139826d6589af104cb07c,app/src/main/java/in/wikio/ecourts/NativeProfiles.kt,303,profile-choice,handshake,handshake,Handshake / Work,https://github.com/vigarepo2/eCourts/blob/b89473c58878765ac7a139826d6589af104cb07c/app/src/main/java/in/wikio/ecourts/NativeProfiles.kt#L303
liquid-glass-ui,b89473c58878765ac7a139826d6589af104cb07c,app/src/main/java/in/wikio/ecourts/NativeProfiles.kt,304,profile-choice,graduation-cap,graduation,Graduation cap / Work,https://github.com/vigarepo2/eCourts/blob/b89473c58878765ac7a139826d6589af104cb07c/app/src/main/java/in/wikio/ecourts/NativeProfiles.kt#L304
liquid-glass-ui,b89473c58878765ac7a139826d6589af104cb07c,app/src/main/java/in/wikio/ecourts/NativeProfiles.kt,305,profile-choice,medal,medal,Medal / Work,https://github.com/vigarepo2/eCourts/blob/b89473c58878765ac7a139826d6589af104cb07c/app/src/main/java/in/wikio/ecourts/NativeProfiles.kt#L305
liquid-glass-ui,b89473c58878765ac7a139826d6589af104cb07c,app/src/main/java/in/wikio/ecourts/NativeProfiles.kt,306,profile-choice,user-round,person,Person / People,https://github.com/vigarepo2/eCourts/blob/b89473c58878765ac7a139826d6589af104cb07c/app/src/main/java/in/wikio/ecourts/NativeProfiles.kt#L306
liquid-glass-ui,b89473c58878765ac7a139826d6589af104cb07c,app/src/main/java/in/wikio/ecourts/NativeProfiles.kt,307,profile-choice,users-round,people,People / People,https://github.com/vigarepo2/eCourts/blob/b89473c58878765ac7a139826d6589af104cb07c/app/src/main/java/in/wikio/ecourts/NativeProfiles.kt#L307
liquid-glass-ui,b89473c58878765ac7a139826d6589af104cb07c,app/src/main/java/in/wikio/ecourts/NativeProfiles.kt,308,profile-choice,contact-round,contact,Contact / People,https://github.com/vigarepo2/eCourts/blob/b89473c58878765ac7a139826d6589af104cb07c/app/src/main/java/in/wikio/ecourts/NativeProfiles.kt#L308
liquid-glass-ui,b89473c58878765ac7a139826d6589af104cb07c,app/src/main/java/in/wikio/ecourts/NativeProfiles.kt,309,profile-choice,glasses,glasses,Glasses / People,https://github.com/vigarepo2/eCourts/blob/b89473c58878765ac7a139826d6589af104cb07c/app/src/main/java/in/wikio/ecourts/NativeProfiles.kt#L309
liquid-glass-ui,b89473c58878765ac7a139826d6589af104cb07c,app/src/main/java/in/wikio/ecourts/NativeProfiles.kt,310,profile-choice,ear,ear,Ear / People,https://github.com/vigarepo2/eCourts/blob/b89473c58878765ac7a139826d6589af104cb07c/app/src/main/java/in/wikio/ecourts/NativeProfiles.kt#L310
liquid-glass-ui,b89473c58878765ac7a139826d6589af104cb07c,app/src/main/java/in/wikio/ecourts/NativeProfiles.kt,311,profile-choice,accessibility,accessibility,Accessibility / People,https://github.com/vigarepo2/eCourts/blob/b89473c58878765ac7a139826d6589af104cb07c/app/src/main/java/in/wikio/ecourts/NativeProfiles.kt#L311
liquid-glass-ui,b89473c58878765ac7a139826d6589af104cb07c,app/src/main/java/in/wikio/ecourts/NativeProfiles.kt,312,profile-choice,baby,baby,Baby / People,https://github.com/vigarepo2/eCourts/blob/b89473c58878765ac7a139826d6589af104cb07c/app/src/main/java/in/wikio/ecourts/NativeProfiles.kt#L312
liquid-glass-ui,b89473c58878765ac7a139826d6589af104cb07c,app/src/main/java/in/wikio/ecourts/NativeProfiles.kt,313,profile-choice,person-standing,standing,Standing person / People,https://github.com/vigarepo2/eCourts/blob/b89473c58878765ac7a139826d6589af104cb07c/app/src/main/java/in/wikio/ecourts/NativeProfiles.kt#L313
liquid-glass-ui,b89473c58878765ac7a139826d6589af104cb07c,app/src/main/java/in/wikio/ecourts/NativeProfiles.kt,314,profile-choice,footprints,footprints,Footprints / People,https://github.com/vigarepo2/eCourts/blob/b89473c58878765ac7a139826d6589af104cb07c/app/src/main/java/in/wikio/ecourts/NativeProfiles.kt#L314
liquid-glass-ui,b89473c58878765ac7a139826d6589af104cb07c,app/src/main/java/in/wikio/ecourts/NativeProfiles.kt,315,profile-choice,hand,hand,Hand / People,https://github.com/vigarepo2/eCourts/blob/b89473c58878765ac7a139826d6589af104cb07c/app/src/main/java/in/wikio/ecourts/NativeProfiles.kt#L315
liquid-glass-ui,b89473c58878765ac7a139826d6589af104cb07c,app/src/main/java/in/wikio/ecourts/NativeProfiles.kt,316,profile-choice,heart-handshake,care,Helping hands / People,https://github.com/vigarepo2/eCourts/blob/b89473c58878765ac7a139826d6589af104cb07c/app/src/main/java/in/wikio/ecourts/NativeProfiles.kt#L316
liquid-glass-ui,b89473c58878765ac7a139826d6589af104cb07c,app/src/main/java/in/wikio/ecourts/NativeProfiles.kt,317,profile-choice,brain,brain,Brain / People,https://github.com/vigarepo2/eCourts/blob/b89473c58878765ac7a139826d6589af104cb07c/app/src/main/java/in/wikio/ecourts/NativeProfiles.kt#L317
liquid-glass-ui,b89473c58878765ac7a139826d6589af104cb07c,app/src/main/java/in/wikio/ecourts/NativeProfiles.kt,318,profile-choice,eye,eye,Eye / People,https://github.com/vigarepo2/eCourts/blob/b89473c58878765ac7a139826d6589af104cb07c/app/src/main/java/in/wikio/ecourts/NativeProfiles.kt#L318
liquid-glass-ui,b89473c58878765ac7a139826d6589af104cb07c,app/src/main/java/in/wikio/ecourts/NativeProfiles.kt,319,profile-choice,smile,smile,Smile / People,https://github.com/vigarepo2/eCourts/blob/b89473c58878765ac7a139826d6589af104cb07c/app/src/main/java/in/wikio/ecourts/NativeProfiles.kt#L319
liquid-glass-ui,b89473c58878765ac7a139826d6589af104cb07c,app/src/main/java/in/wikio/ecourts/NativeProfiles.kt,320,profile-choice,laugh,laugh,Laugh / People,https://github.com/vigarepo2/eCourts/blob/b89473c58878765ac7a139826d6589af104cb07c/app/src/main/java/in/wikio/ecourts/NativeProfiles.kt#L320
liquid-glass-ui,b89473c58878765ac7a139826d6589af104cb07c,app/src/main/java/in/wikio/ecourts/NativeProfiles.kt,321,profile-choice,venetian-mask,theatre,Theatre masks / People,https://github.com/vigarepo2/eCourts/blob/b89473c58878765ac7a139826d6589af104cb07c/app/src/main/java/in/wikio/ecourts/NativeProfiles.kt#L321
liquid-glass-ui,b89473c58878765ac7a139826d6589af104cb07c,app/src/main/java/in/wikio/ecourts/NativeProfiles.kt,322,profile-choice,crown,crown,Crown / People,https://github.com/vigarepo2/eCourts/blob/b89473c58878765ac7a139826d6589af104cb07c/app/src/main/java/in/wikio/ecourts/NativeProfiles.kt#L322
liquid-glass-ui,b89473c58878765ac7a139826d6589af104cb07c,app/src/main/java/in/wikio/ecourts/NativeProfiles.kt,323,profile-choice,shield-check,shield,Shield / People,https://github.com/vigarepo2/eCourts/blob/b89473c58878765ac7a139826d6589af104cb07c/app/src/main/java/in/wikio/ecourts/NativeProfiles.kt#L323
liquid-glass-ui,b89473c58878765ac7a139826d6589af104cb07c,app/src/main/java/in/wikio/ecourts/NativeProfiles.kt,324,profile-choice,star,star,Star / Shapes,https://github.com/vigarepo2/eCourts/blob/b89473c58878765ac7a139826d6589af104cb07c/app/src/main/java/in/wikio/ecourts/NativeProfiles.kt#L324
liquid-glass-ui,b89473c58878765ac7a139826d6589af104cb07c,app/src/main/java/in/wikio/ecourts/NativeProfiles.kt,325,profile-choice,heart,heart,Heart / Shapes,https://github.com/vigarepo2/eCourts/blob/b89473c58878765ac7a139826d6589af104cb07c/app/src/main/java/in/wikio/ecourts/NativeProfiles.kt#L325
liquid-glass-ui,b89473c58878765ac7a139826d6589af104cb07c,app/src/main/java/in/wikio/ecourts/NativeProfiles.kt,326,profile-choice,diamond,diamond,Diamond / Shapes,https://github.com/vigarepo2/eCourts/blob/b89473c58878765ac7a139826d6589af104cb07c/app/src/main/java/in/wikio/ecourts/NativeProfiles.kt#L326
liquid-glass-ui,b89473c58878765ac7a139826d6589af104cb07c,app/src/main/java/in/wikio/ecourts/NativeProfiles.kt,327,profile-choice,hexagon,hexagon,Hexagon / Shapes,https://github.com/vigarepo2/eCourts/blob/b89473c58878765ac7a139826d6589af104cb07c/app/src/main/java/in/wikio/ecourts/NativeProfiles.kt#L327
liquid-glass-ui,b89473c58878765ac7a139826d6589af104cb07c,app/src/main/java/in/wikio/ecourts/NativeProfiles.kt,328,profile-choice,triangle,triangle,Triangle / Shapes,https://github.com/vigarepo2/eCourts/blob/b89473c58878765ac7a139826d6589af104cb07c/app/src/main/java/in/wikio/ecourts/NativeProfiles.kt#L328
liquid-glass-ui,b89473c58878765ac7a139826d6589af104cb07c,app/src/main/java/in/wikio/ecourts/NativeProfiles.kt,329,profile-choice,circle,circle,Circle / Shapes,https://github.com/vigarepo2/eCourts/blob/b89473c58878765ac7a139826d6589af104cb07c/app/src/main/java/in/wikio/ecourts/NativeProfiles.kt#L329
liquid-glass-ui,b89473c58878765ac7a139826d6589af104cb07c,app/src/main/java/in/wikio/ecourts/NativeProfiles.kt,330,profile-choice,square,square,Square / Shapes,https://github.com/vigarepo2/eCourts/blob/b89473c58878765ac7a139826d6589af104cb07c/app/src/main/java/in/wikio/ecourts/NativeProfiles.kt#L330
liquid-glass-ui,b89473c58878765ac7a139826d6589af104cb07c,app/src/main/java/in/wikio/ecourts/NativeProfiles.kt,331,profile-choice,pentagon,pentagon,Pentagon / Shapes,https://github.com/vigarepo2/eCourts/blob/b89473c58878765ac7a139826d6589af104cb07c/app/src/main/java/in/wikio/ecourts/NativeProfiles.kt#L331
liquid-glass-ui,b89473c58878765ac7a139826d6589af104cb07c,app/src/main/java/in/wikio/ecourts/NativeProfiles.kt,332,profile-choice,octagon,octagon,Octagon / Shapes,https://github.com/vigarepo2/eCourts/blob/b89473c58878765ac7a139826d6589af104cb07c/app/src/main/java/in/wikio/ecourts/NativeProfiles.kt#L332
liquid-glass-ui,b89473c58878765ac7a139826d6589af104cb07c,app/src/main/java/in/wikio/ecourts/NativeProfiles.kt,333,profile-choice,infinity,infinity,Infinity / Shapes,https://github.com/vigarepo2/eCourts/blob/b89473c58878765ac7a139826d6589af104cb07c/app/src/main/java/in/wikio/ecourts/NativeProfiles.kt#L333
liquid-glass-ui,b89473c58878765ac7a139826d6589af104cb07c,app/src/main/java/in/wikio/ecourts/NativeProfiles.kt,334,profile-choice,orbit,orbit,Orbit / Shapes,https://github.com/vigarepo2/eCourts/blob/b89473c58878765ac7a139826d6589af104cb07c/app/src/main/java/in/wikio/ecourts/NativeProfiles.kt#L334
liquid-glass-ui,b89473c58878765ac7a139826d6589af104cb07c,app/src/main/java/in/wikio/ecourts/NativeProfiles.kt,335,profile-choice,atom,atom,Atom / Shapes,https://github.com/vigarepo2/eCourts/blob/b89473c58878765ac7a139826d6589af104cb07c/app/src/main/java/in/wikio/ecourts/NativeProfiles.kt#L335
liquid-glass-ui,b89473c58878765ac7a139826d6589af104cb07c,app/src/main/java/in/wikio/ecourts/NativeProfiles.kt,336,profile-choice,asterisk,asterisk,Asterisk / Shapes,https://github.com/vigarepo2/eCourts/blob/b89473c58878765ac7a139826d6589af104cb07c/app/src/main/java/in/wikio/ecourts/NativeProfiles.kt#L336
liquid-glass-ui,b89473c58878765ac7a139826d6589af104cb07c,app/src/main/java/in/wikio/ecourts/NativeProfiles.kt,337,profile-choice,sparkle,sparkle,Sparkle / Shapes,https://github.com/vigarepo2/eCourts/blob/b89473c58878765ac7a139826d6589af104cb07c/app/src/main/java/in/wikio/ecourts/NativeProfiles.kt#L337
liquid-glass-ui,b89473c58878765ac7a139826d6589af104cb07c,app/src/main/java/in/wikio/ecourts/NativeProfiles.kt,338,profile-choice,gem,gem,Gem / Shapes,https://github.com/vigarepo2/eCourts/blob/b89473c58878765ac7a139826d6589af104cb07c/app/src/main/java/in/wikio/ecourts/NativeProfiles.kt#L338
liquid-glass-ui,b89473c58878765ac7a139826d6589af104cb07c,app/src/main/java/in/wikio/ecourts/NativeProfiles.kt,339,profile-choice,ribbon,ribbon,Ribbon / Shapes,https://github.com/vigarepo2/eCourts/blob/b89473c58878765ac7a139826d6589af104cb07c/app/src/main/java/in/wikio/ecourts/NativeProfiles.kt#L339
liquid-glass-ui,b89473c58878765ac7a139826d6589af104cb07c,app/src/main/java/in/wikio/ecourts/NativeProfiles.kt,340,profile-choice,flag,flag,Flag / Shapes,https://github.com/vigarepo2/eCourts/blob/b89473c58878765ac7a139826d6589af104cb07c/app/src/main/java/in/wikio/ecourts/NativeProfiles.kt#L340
liquid-glass-ui,b89473c58878765ac7a139826d6589af104cb07c,app/src/main/java/in/wikio/ecourts/NativeProfiles.kt,341,profile-choice,trophy,trophy,Trophy / Shapes,https://github.com/vigarepo2/eCourts/blob/b89473c58878765ac7a139826d6589af104cb07c/app/src/main/java/in/wikio/ecourts/NativeProfiles.kt#L341
liquid-glass-ui,b89473c58878765ac7a139826d6589af104cb07c,app/src/main/java/in/wikio/ecourts/NativeProfiles.kt,342,profile-choice,leaf,leaf,Leaf / Nature,https://github.com/vigarepo2/eCourts/blob/b89473c58878765ac7a139826d6589af104cb07c/app/src/main/java/in/wikio/ecourts/NativeProfiles.kt#L342
liquid-glass-ui,b89473c58878765ac7a139826d6589af104cb07c,app/src/main/java/in/wikio/ecourts/NativeProfiles.kt,343,profile-choice,tree-pine,pine,Pine tree / Nature,https://github.com/vigarepo2/eCourts/blob/b89473c58878765ac7a139826d6589af104cb07c/app/src/main/java/in/wikio/ecourts/NativeProfiles.kt#L343
liquid-glass-ui,b89473c58878765ac7a139826d6589af104cb07c,app/src/main/java/in/wikio/ecourts/NativeProfiles.kt,344,profile-choice,tree-deciduous,tree,Tree / Nature,https://github.com/vigarepo2/eCourts/blob/b89473c58878765ac7a139826d6589af104cb07c/app/src/main/java/in/wikio/ecourts/NativeProfiles.kt#L344
liquid-glass-ui,b89473c58878765ac7a139826d6589af104cb07c,app/src/main/java/in/wikio/ecourts/NativeProfiles.kt,345,profile-choice,flower-2,flower,Flower / Nature,https://github.com/vigarepo2/eCourts/blob/b89473c58878765ac7a139826d6589af104cb07c/app/src/main/java/in/wikio/ecourts/NativeProfiles.kt#L345
liquid-glass-ui,b89473c58878765ac7a139826d6589af104cb07c,app/src/main/java/in/wikio/ecourts/NativeProfiles.kt,346,profile-choice,sprout,sprout,Sprout / Nature,https://github.com/vigarepo2/eCourts/blob/b89473c58878765ac7a139826d6589af104cb07c/app/src/main/java/in/wikio/ecourts/NativeProfiles.kt#L346
liquid-glass-ui,b89473c58878765ac7a139826d6589af104cb07c,app/src/main/java/in/wikio/ecourts/NativeProfiles.kt,347,profile-choice,mountain,mountain,Mountain / Nature,https://github.com/vigarepo2/eCourts/blob/b89473c58878765ac7a139826d6589af104cb07c/app/src/main/java/in/wikio/ecourts/NativeProfiles.kt#L347
liquid-glass-ui,b89473c58878765ac7a139826d6589af104cb07c,app/src/main/java/in/wikio/ecourts/NativeProfiles.kt,348,profile-choice,sun,sun,Sun / Nature,https://github.com/vigarepo2/eCourts/blob/b89473c58878765ac7a139826d6589af104cb07c/app/src/main/java/in/wikio/ecourts/NativeProfiles.kt#L348
liquid-glass-ui,b89473c58878765ac7a139826d6589af104cb07c,app/src/main/java/in/wikio/ecourts/NativeProfiles.kt,349,profile-choice,moon,moon,Moon / Nature,https://github.com/vigarepo2/eCourts/blob/b89473c58878765ac7a139826d6589af104cb07c/app/src/main/java/in/wikio/ecourts/NativeProfiles.kt#L349
liquid-glass-ui,b89473c58878765ac7a139826d6589af104cb07c,app/src/main/java/in/wikio/ecourts/NativeProfiles.kt,350,profile-choice,cloud,cloud,Cloud / Nature,https://github.com/vigarepo2/eCourts/blob/b89473c58878765ac7a139826d6589af104cb07c/app/src/main/java/in/wikio/ecourts/NativeProfiles.kt#L350
liquid-glass-ui,b89473c58878765ac7a139826d6589af104cb07c,app/src/main/java/in/wikio/ecourts/NativeProfiles.kt,351,profile-choice,rainbow,rainbow,Rainbow / Nature,https://github.com/vigarepo2/eCourts/blob/b89473c58878765ac7a139826d6589af104cb07c/app/src/main/java/in/wikio/ecourts/NativeProfiles.kt#L351
liquid-glass-ui,b89473c58878765ac7a139826d6589af104cb07c,app/src/main/java/in/wikio/ecourts/NativeProfiles.kt,352,profile-choice,snowflake,snowflake,Snowflake / Nature,https://github.com/vigarepo2/eCourts/blob/b89473c58878765ac7a139826d6589af104cb07c/app/src/main/java/in/wikio/ecourts/NativeProfiles.kt#L352
liquid-glass-ui,b89473c58878765ac7a139826d6589af104cb07c,app/src/main/java/in/wikio/ecourts/NativeProfiles.kt,353,profile-choice,flame,flame,Flame / Nature,https://github.com/vigarepo2/eCourts/blob/b89473c58878765ac7a139826d6589af104cb07c/app/src/main/java/in/wikio/ecourts/NativeProfiles.kt#L353
liquid-glass-ui,b89473c58878765ac7a139826d6589af104cb07c,app/src/main/java/in/wikio/ecourts/NativeProfiles.kt,354,profile-choice,droplet,droplet,Water drop / Nature,https://github.com/vigarepo2/eCourts/blob/b89473c58878765ac7a139826d6589af104cb07c/app/src/main/java/in/wikio/ecourts/NativeProfiles.kt#L354
liquid-glass-ui,b89473c58878765ac7a139826d6589af104cb07c,app/src/main/java/in/wikio/ecourts/NativeProfiles.kt,355,profile-choice,waves,waves,Waves / Nature,https://github.com/vigarepo2/eCourts/blob/b89473c58878765ac7a139826d6589af104cb07c/app/src/main/java/in/wikio/ecourts/NativeProfiles.kt#L355
liquid-glass-ui,b89473c58878765ac7a139826d6589af104cb07c,app/src/main/java/in/wikio/ecourts/NativeProfiles.kt,356,profile-choice,wind,wind,Wind / Nature,https://github.com/vigarepo2/eCourts/blob/b89473c58878765ac7a139826d6589af104cb07c/app/src/main/java/in/wikio/ecourts/NativeProfiles.kt#L356
liquid-glass-ui,b89473c58878765ac7a139826d6589af104cb07c,app/src/main/java/in/wikio/ecourts/NativeProfiles.kt,357,profile-choice,earth,earth,Earth / Nature,https://github.com/vigarepo2/eCourts/blob/b89473c58878765ac7a139826d6589af104cb07c/app/src/main/java/in/wikio/ecourts/NativeProfiles.kt#L357
liquid-glass-ui,b89473c58878765ac7a139826d6589af104cb07c,app/src/main/java/in/wikio/ecourts/NativeProfiles.kt,358,profile-choice,sunrise,sunrise,Sunrise / Nature,https://github.com/vigarepo2/eCourts/blob/b89473c58878765ac7a139826d6589af104cb07c/app/src/main/java/in/wikio/ecourts/NativeProfiles.kt#L358
liquid-glass-ui,b89473c58878765ac7a139826d6589af104cb07c,app/src/main/java/in/wikio/ecourts/NativeProfiles.kt,359,profile-choice,eclipse,eclipse,Eclipse / Nature,https://github.com/vigarepo2/eCourts/blob/b89473c58878765ac7a139826d6589af104cb07c/app/src/main/java/in/wikio/ecourts/NativeProfiles.kt#L359
liquid-glass-ui,b89473c58878765ac7a139826d6589af104cb07c,app/src/main/java/in/wikio/ecourts/NativeProfiles.kt,360,profile-choice,cat,cat,Cat / Animals,https://github.com/vigarepo2/eCourts/blob/b89473c58878765ac7a139826d6589af104cb07c/app/src/main/java/in/wikio/ecourts/NativeProfiles.kt#L360
liquid-glass-ui,b89473c58878765ac7a139826d6589af104cb07c,app/src/main/java/in/wikio/ecourts/NativeProfiles.kt,361,profile-choice,dog,dog,Dog / Animals,https://github.com/vigarepo2/eCourts/blob/b89473c58878765ac7a139826d6589af104cb07c/app/src/main/java/in/wikio/ecourts/NativeProfiles.kt#L361
liquid-glass-ui,b89473c58878765ac7a139826d6589af104cb07c,app/src/main/java/in/wikio/ecourts/NativeProfiles.kt,362,profile-choice,bird,bird,Bird / Animals,https://github.com/vigarepo2/eCourts/blob/b89473c58878765ac7a139826d6589af104cb07c/app/src/main/java/in/wikio/ecourts/NativeProfiles.kt#L362
liquid-glass-ui,b89473c58878765ac7a139826d6589af104cb07c,app/src/main/java/in/wikio/ecourts/NativeProfiles.kt,363,profile-choice,fish,fish,Fish / Animals,https://github.com/vigarepo2/eCourts/blob/b89473c58878765ac7a139826d6589af104cb07c/app/src/main/java/in/wikio/ecourts/NativeProfiles.kt#L363
liquid-glass-ui,b89473c58878765ac7a139826d6589af104cb07c,app/src/main/java/in/wikio/ecourts/NativeProfiles.kt,364,profile-choice,rabbit,rabbit,Rabbit / Animals,https://github.com/vigarepo2/eCourts/blob/b89473c58878765ac7a139826d6589af104cb07c/app/src/main/java/in/wikio/ecourts/NativeProfiles.kt#L364
liquid-glass-ui,b89473c58878765ac7a139826d6589af104cb07c,app/src/main/java/in/wikio/ecourts/NativeProfiles.kt,365,profile-choice,squirrel,squirrel,Squirrel / Animals,https://github.com/vigarepo2/eCourts/blob/b89473c58878765ac7a139826d6589af104cb07c/app/src/main/java/in/wikio/ecourts/NativeProfiles.kt#L365
liquid-glass-ui,b89473c58878765ac7a139826d6589af104cb07c,app/src/main/java/in/wikio/ecourts/NativeProfiles.kt,366,profile-choice,turtle,turtle,Turtle / Animals,https://github.com/vigarepo2/eCourts/blob/b89473c58878765ac7a139826d6589af104cb07c/app/src/main/java/in/wikio/ecourts/NativeProfiles.kt#L366
liquid-glass-ui,b89473c58878765ac7a139826d6589af104cb07c,app/src/main/java/in/wikio/ecourts/NativeProfiles.kt,367,profile-choice,snail,snail,Snail / Animals,https://github.com/vigarepo2/eCourts/blob/b89473c58878765ac7a139826d6589af104cb07c/app/src/main/java/in/wikio/ecourts/NativeProfiles.kt#L367
liquid-glass-ui,b89473c58878765ac7a139826d6589af104cb07c,app/src/main/java/in/wikio/ecourts/NativeProfiles.kt,368,profile-choice,bug,ladybird,Ladybird / Animals,https://github.com/vigarepo2/eCourts/blob/b89473c58878765ac7a139826d6589af104cb07c/app/src/main/java/in/wikio/ecourts/NativeProfiles.kt#L368
liquid-glass-ui,b89473c58878765ac7a139826d6589af104cb07c,app/src/main/java/in/wikio/ecourts/NativeProfiles.kt,369,profile-choice,paw-print,paw,Paw / Animals,https://github.com/vigarepo2/eCourts/blob/b89473c58878765ac7a139826d6589af104cb07c/app/src/main/java/in/wikio/ecourts/NativeProfiles.kt#L369
liquid-glass-ui,b89473c58878765ac7a139826d6589af104cb07c,app/src/main/java/in/wikio/ecourts/NativeProfiles.kt,370,profile-choice,rat,mouse,Mouse / Animals,https://github.com/vigarepo2/eCourts/blob/b89473c58878765ac7a139826d6589af104cb07c/app/src/main/java/in/wikio/ecourts/NativeProfiles.kt#L370
liquid-glass-ui,b89473c58878765ac7a139826d6589af104cb07c,app/src/main/java/in/wikio/ecourts/NativeProfiles.kt,371,profile-choice,worm,worm,Worm / Animals,https://github.com/vigarepo2/eCourts/blob/b89473c58878765ac7a139826d6589af104cb07c/app/src/main/java/in/wikio/ecourts/NativeProfiles.kt#L371
liquid-glass-ui,b89473c58878765ac7a139826d6589af104cb07c,app/src/main/java/in/wikio/ecourts/NativeProfiles.kt,372,profile-choice,feather,feather,Feather / Animals,https://github.com/vigarepo2/eCourts/blob/b89473c58878765ac7a139826d6589af104cb07c/app/src/main/java/in/wikio/ecourts/NativeProfiles.kt#L372
liquid-glass-ui,b89473c58878765ac7a139826d6589af104cb07c,app/src/main/java/in/wikio/ecourts/NativeProfiles.kt,373,profile-choice,shell,shell,Shell / Animals,https://github.com/vigarepo2/eCourts/blob/b89473c58878765ac7a139826d6589af104cb07c/app/src/main/java/in/wikio/ecourts/NativeProfiles.kt#L373
liquid-glass-ui,b89473c58878765ac7a139826d6589af104cb07c,app/src/main/java/in/wikio/ecourts/NativeProfiles.kt,374,profile-choice,calendar-days,calendar,Calendar / Everyday,https://github.com/vigarepo2/eCourts/blob/b89473c58878765ac7a139826d6589af104cb07c/app/src/main/java/in/wikio/ecourts/NativeProfiles.kt#L374
liquid-glass-ui,b89473c58878765ac7a139826d6589af104cb07c,app/src/main/java/in/wikio/ecourts/NativeProfiles.kt,375,profile-choice,clock,clock,Clock / Everyday,https://github.com/vigarepo2/eCourts/blob/b89473c58878765ac7a139826d6589af104cb07c/app/src/main/java/in/wikio/ecourts/NativeProfiles.kt#L375
liquid-glass-ui,b89473c58878765ac7a139826d6589af104cb07c,app/src/main/java/in/wikio/ecourts/NativeProfiles.kt,376,profile-choice,alarm-clock,alarm,Alarm clock / Everyday,https://github.com/vigarepo2/eCourts/blob/b89473c58878765ac7a139826d6589af104cb07c/app/src/main/java/in/wikio/ecourts/NativeProfiles.kt#L376
liquid-glass-ui,b89473c58878765ac7a139826d6589af104cb07c,app/src/main/java/in/wikio/ecourts/NativeProfiles.kt,377,profile-choice,timer,timer,Timer / Everyday,https://github.com/vigarepo2/eCourts/blob/b89473c58878765ac7a139826d6589af104cb07c/app/src/main/java/in/wikio/ecourts/NativeProfiles.kt#L377
liquid-glass-ui,b89473c58878765ac7a139826d6589af104cb07c,app/src/main/java/in/wikio/ecourts/NativeProfiles.kt,378,profile-choice,watch,watch,Watch / Everyday,https://github.com/vigarepo2/eCourts/blob/b89473c58878765ac7a139826d6589af104cb07c/app/src/main/java/in/wikio/ecourts/NativeProfiles.kt#L378
liquid-glass-ui,b89473c58878765ac7a139826d6589af104cb07c,app/src/main/java/in/wikio/ecourts/NativeProfiles.kt,379,profile-choice,calculator,calculator,Calculator / Everyday,https://github.com/vigarepo2/eCourts/blob/b89473c58878765ac7a139826d6589af104cb07c/app/src/main/java/in/wikio/ecourts/NativeProfiles.kt#L379
liquid-glass-ui,b89473c58878765ac7a139826d6589af104cb07c,app/src/main/java/in/wikio/ecourts/NativeProfiles.kt,380,profile-choice,chart-no-axes-combined,chart,Line chart / Everyday,https://github.com/vigarepo2/eCourts/blob/b89473c58878765ac7a139826d6589af104cb07c/app/src/main/java/in/wikio/ecourts/NativeProfiles.kt#L380
liquid-glass-ui,b89473c58878765ac7a139826d6589af104cb07c,app/src/main/java/in/wikio/ecourts/NativeProfiles.kt,381,profile-choice,chart-pie,pie-chart,Pie chart / Everyday,https://github.com/vigarepo2/eCourts/blob/b89473c58878765ac7a139826d6589af104cb07c/app/src/main/java/in/wikio/ecourts/NativeProfiles.kt#L381
liquid-glass-ui,b89473c58878765ac7a139826d6589af104cb07c,app/src/main/java/in/wikio/ecourts/NativeProfiles.kt,382,profile-choice,list-checks,checklist,Checklist / Everyday,https://github.com/vigarepo2/eCourts/blob/b89473c58878765ac7a139826d6589af104cb07c/app/src/main/java/in/wikio/ecourts/NativeProfiles.kt#L382
liquid-glass-ui,b89473c58878765ac7a139826d6589af104cb07c,app/src/main/java/in/wikio/ecourts/NativeProfiles.kt,383,profile-choice,mail,mail,Envelope / Everyday,https://github.com/vigarepo2/eCourts/blob/b89473c58878765ac7a139826d6589af104cb07c/app/src/main/java/in/wikio/ecourts/NativeProfiles.kt#L383
liquid-glass-ui,b89473c58878765ac7a139826d6589af104cb07c,app/src/main/java/in/wikio/ecourts/NativeProfiles.kt,384,profile-choice,message-square,message,Message / Everyday,https://github.com/vigarepo2/eCourts/blob/b89473c58878765ac7a139826d6589af104cb07c/app/src/main/java/in/wikio/ecourts/NativeProfiles.kt#L384
liquid-glass-ui,b89473c58878765ac7a139826d6589af104cb07c,app/src/main/java/in/wikio/ecourts/NativeProfiles.kt,385,profile-choice,phone,phone,Phone / Everyday,https://github.com/vigarepo2/eCourts/blob/b89473c58878765ac7a139826d6589af104cb07c/app/src/main/java/in/wikio/ecourts/NativeProfiles.kt#L385
liquid-glass-ui,b89473c58878765ac7a139826d6589af104cb07c,app/src/main/java/in/wikio/ecourts/NativeProfiles.kt,386,profile-choice,video,video,Video camera / Everyday,https://github.com/vigarepo2/eCourts/blob/b89473c58878765ac7a139826d6589af104cb07c/app/src/main/java/in/wikio/ecourts/NativeProfiles.kt#L386
liquid-glass-ui,b89473c58878765ac7a139826d6589af104cb07c,app/src/main/java/in/wikio/ecourts/NativeProfiles.kt,387,profile-choice,megaphone,megaphone,Megaphone / Everyday,https://github.com/vigarepo2/eCourts/blob/b89473c58878765ac7a139826d6589af104cb07c/app/src/main/java/in/wikio/ecourts/NativeProfiles.kt#L387
liquid-glass-ui,b89473c58878765ac7a139826d6589af104cb07c,app/src/main/java/in/wikio/ecourts/NativeProfiles.kt,388,profile-choice,bell,bell,Bell / Everyday,https://github.com/vigarepo2/eCourts/blob/b89473c58878765ac7a139826d6589af104cb07c/app/src/main/java/in/wikio/ecourts/NativeProfiles.kt#L388
liquid-glass-ui,b89473c58878765ac7a139826d6589af104cb07c,app/src/main/java/in/wikio/ecourts/NativeProfiles.kt,389,profile-choice,search,search,Magnifying glass / Everyday,https://github.com/vigarepo2/eCourts/blob/b89473c58878765ac7a139826d6589af104cb07c/app/src/main/java/in/wikio/ecourts/NativeProfiles.kt#L389
liquid-glass-ui,b89473c58878765ac7a139826d6589af104cb07c,app/src/main/java/in/wikio/ecourts/NativeProfiles.kt,390,profile-choice,key-round,key,Key / Everyday,https://github.com/vigarepo2/eCourts/blob/b89473c58878765ac7a139826d6589af104cb07c/app/src/main/java/in/wikio/ecourts/NativeProfiles.kt#L390
liquid-glass-ui,b89473c58878765ac7a139826d6589af104cb07c,app/src/main/java/in/wikio/ecourts/NativeProfiles.kt,391,profile-choice,lock-keyhole,lock,Lock / Everyday,https://github.com/vigarepo2/eCourts/blob/b89473c58878765ac7a139826d6589af104cb07c/app/src/main/java/in/wikio/ecourts/NativeProfiles.kt#L391
liquid-glass-ui,b89473c58878765ac7a139826d6589af104cb07c,app/src/main/java/in/wikio/ecourts/NativeProfiles.kt,392,profile-choice,compass,compass,Compass / Travel,https://github.com/vigarepo2/eCourts/blob/b89473c58878765ac7a139826d6589af104cb07c/app/src/main/java/in/wikio/ecourts/NativeProfiles.kt#L392
liquid-glass-ui,b89473c58878765ac7a139826d6589af104cb07c,app/src/main/java/in/wikio/ecourts/NativeProfiles.kt,393,profile-choice,map-pin,pin,Map pin / Travel,https://github.com/vigarepo2/eCourts/blob/b89473c58878765ac7a139826d6589af104cb07c/app/src/main/java/in/wikio/ecourts/NativeProfiles.kt#L393
liquid-glass-ui,b89473c58878765ac7a139826d6589af104cb07c,app/src/main/java/in/wikio/ecourts/NativeProfiles.kt,394,profile-choice,map,map,Map / Travel,https://github.com/vigarepo2/eCourts/blob/b89473c58878765ac7a139826d6589af104cb07c/app/src/main/java/in/wikio/ecourts/NativeProfiles.kt#L394
liquid-glass-ui,b89473c58878765ac7a139826d6589af104cb07c,app/src/main/java/in/wikio/ecourts/NativeProfiles.kt,395,profile-choice,route,route,Route / Travel,https://github.com/vigarepo2/eCourts/blob/b89473c58878765ac7a139826d6589af104cb07c/app/src/main/java/in/wikio/ecourts/NativeProfiles.kt#L395
liquid-glass-ui,b89473c58878765ac7a139826d6589af104cb07c,app/src/main/java/in/wikio/ecourts/NativeProfiles.kt,396,profile-choice,globe,globe,Globe / Travel,https://github.com/vigarepo2/eCourts/blob/b89473c58878765ac7a139826d6589af104cb07c/app/src/main/java/in/wikio/ecourts/NativeProfiles.kt#L396
liquid-glass-ui,b89473c58878765ac7a139826d6589af104cb07c,app/src/main/java/in/wikio/ecourts/NativeProfiles.kt,397,profile-choice,plane,plane,Airplane / Travel,https://github.com/vigarepo2/eCourts/blob/b89473c58878765ac7a139826d6589af104cb07c/app/src/main/java/in/wikio/ecourts/NativeProfiles.kt#L397
liquid-glass-ui,b89473c58878765ac7a139826d6589af104cb07c,app/src/main/java/in/wikio/ecourts/NativeProfiles.kt,398,profile-choice,car-front,car,Car / Travel,https://github.com/vigarepo2/eCourts/blob/b89473c58878765ac7a139826d6589af104cb07c/app/src/main/java/in/wikio/ecourts/NativeProfiles.kt#L398
liquid-glass-ui,b89473c58878765ac7a139826d6589af104cb07c,app/src/main/java/in/wikio/ecourts/NativeProfiles.kt,399,profile-choice,bike,bike,Bicycle / Travel,https://github.com/vigarepo2/eCourts/blob/b89473c58878765ac7a139826d6589af104cb07c/app/src/main/java/in/wikio/ecourts/NativeProfiles.kt#L399
liquid-glass-ui,b89473c58878765ac7a139826d6589af104cb07c,app/src/main/java/in/wikio/ecourts/NativeProfiles.kt,400,profile-choice,train-front,train,Train / Travel,https://github.com/vigarepo2/eCourts/blob/b89473c58878765ac7a139826d6589af104cb07c/app/src/main/java/in/wikio/ecourts/NativeProfiles.kt#L400
liquid-glass-ui,b89473c58878765ac7a139826d6589af104cb07c,app/src/main/java/in/wikio/ecourts/NativeProfiles.kt,401,profile-choice,bus-front,bus,Bus / Travel,https://github.com/vigarepo2/eCourts/blob/b89473c58878765ac7a139826d6589af104cb07c/app/src/main/java/in/wikio/ecourts/NativeProfiles.kt#L401
liquid-glass-ui,b89473c58878765ac7a139826d6589af104cb07c,app/src/main/java/in/wikio/ecourts/NativeProfiles.kt,402,profile-choice,ship,ship,Ship / Travel,https://github.com/vigarepo2/eCourts/blob/b89473c58878765ac7a139826d6589af104cb07c/app/src/main/java/in/wikio/ecourts/NativeProfiles.kt#L402
liquid-glass-ui,b89473c58878765ac7a139826d6589af104cb07c,app/src/main/java/in/wikio/ecourts/NativeProfiles.kt,403,profile-choice,sailboat,sailboat,Sailboat / Travel,https://github.com/vigarepo2/eCourts/blob/b89473c58878765ac7a139826d6589af104cb07c/app/src/main/java/in/wikio/ecourts/NativeProfiles.kt#L403
liquid-glass-ui,b89473c58878765ac7a139826d6589af104cb07c,app/src/main/java/in/wikio/ecourts/NativeProfiles.kt,404,profile-choice,rocket,rocket,Rocket / Travel,https://github.com/vigarepo2/eCourts/blob/b89473c58878765ac7a139826d6589af104cb07c/app/src/main/java/in/wikio/ecourts/NativeProfiles.kt#L404
liquid-glass-ui,b89473c58878765ac7a139826d6589af104cb07c,app/src/main/java/in/wikio/ecourts/NativeProfiles.kt,405,profile-choice,tent-tree,tent,Camping / Travel,https://github.com/vigarepo2/eCourts/blob/b89473c58878765ac7a139826d6589af104cb07c/app/src/main/java/in/wikio/ecourts/NativeProfiles.kt#L405
liquid-glass-ui,b89473c58878765ac7a139826d6589af104cb07c,app/src/main/java/in/wikio/ecourts/NativeProfiles.kt,406,profile-choice,luggage,luggage,Suitcase / Travel,https://github.com/vigarepo2/eCourts/blob/b89473c58878765ac7a139826d6589af104cb07c/app/src/main/java/in/wikio/ecourts/NativeProfiles.kt#L406
liquid-glass-ui,b89473c58878765ac7a139826d6589af104cb07c,app/src/main/java/in/wikio/ecourts/NativeProfiles.kt,407,profile-choice,backpack,backpack,Backpack / Travel,https://github.com/vigarepo2/eCourts/blob/b89473c58878765ac7a139826d6589af104cb07c/app/src/main/java/in/wikio/ecourts/NativeProfiles.kt#L407
liquid-glass-ui,b89473c58878765ac7a139826d6589af104cb07c,app/src/main/java/in/wikio/ecourts/NativeProfiles.kt,408,profile-choice,anchor,anchor,Anchor / Travel,https://github.com/vigarepo2/eCourts/blob/b89473c58878765ac7a139826d6589af104cb07c/app/src/main/java/in/wikio/ecourts/NativeProfiles.kt#L408
liquid-glass-ui,b89473c58878765ac7a139826d6589af104cb07c,app/src/main/java/in/wikio/ecourts/NativeProfiles.kt,409,profile-choice,waypoints,waypoints,Waypoints / Travel,https://github.com/vigarepo2/eCourts/blob/b89473c58878765ac7a139826d6589af104cb07c/app/src/main/java/in/wikio/ecourts/NativeProfiles.kt#L409
liquid-glass-ui,b89473c58878765ac7a139826d6589af104cb07c,app/src/main/java/in/wikio/ecourts/NativeProfiles.kt,410,profile-choice,music,music,Music / Interests,https://github.com/vigarepo2/eCourts/blob/b89473c58878765ac7a139826d6589af104cb07c/app/src/main/java/in/wikio/ecourts/NativeProfiles.kt#L410
liquid-glass-ui,b89473c58878765ac7a139826d6589af104cb07c,app/src/main/java/in/wikio/ecourts/NativeProfiles.kt,411,profile-choice,camera,camera,Camera / Interests,https://github.com/vigarepo2/eCourts/blob/b89473c58878765ac7a139826d6589af104cb07c/app/src/main/java/in/wikio/ecourts/NativeProfiles.kt#L411
liquid-glass-ui,b89473c58878765ac7a139826d6589af104cb07c,app/src/main/java/in/wikio/ecourts/NativeProfiles.kt,412,profile-choice,palette,palette,Palette / Interests,https://github.com/vigarepo2/eCourts/blob/b89473c58878765ac7a139826d6589af104cb07c/app/src/main/java/in/wikio/ecourts/NativeProfiles.kt#L412
liquid-glass-ui,b89473c58878765ac7a139826d6589af104cb07c,app/src/main/java/in/wikio/ecourts/NativeProfiles.kt,413,profile-choice,paintbrush,paintbrush,Paintbrush / Interests,https://github.com/vigarepo2/eCourts/blob/b89473c58878765ac7a139826d6589af104cb07c/app/src/main/java/in/wikio/ecourts/NativeProfiles.kt#L413
liquid-glass-ui,b89473c58878765ac7a139826d6589af104cb07c,app/src/main/java/in/wikio/ecourts/NativeProfiles.kt,414,profile-choice,pencil-ruler,pencil-ruler,Pencil and ruler / Interests,https://github.com/vigarepo2/eCourts/blob/b89473c58878765ac7a139826d6589af104cb07c/app/src/main/java/in/wikio/ecourts/NativeProfiles.kt#L414
liquid-glass-ui,b89473c58878765ac7a139826d6589af104cb07c,app/src/main/java/in/wikio/ecourts/NativeProfiles.kt,415,profile-choice,scissors,scissors,Scissors / Interests,https://github.com/vigarepo2/eCourts/blob/b89473c58878765ac7a139826d6589af104cb07c/app/src/main/java/in/wikio/ecourts/NativeProfiles.kt#L415
liquid-glass-ui,b89473c58878765ac7a139826d6589af104cb07c,app/src/main/java/in/wikio/ecourts/NativeProfiles.kt,416,profile-choice,lightbulb,lightbulb,Light bulb / Interests,https://github.com/vigarepo2/eCourts/blob/b89473c58878765ac7a139826d6589af104cb07c/app/src/main/java/in/wikio/ecourts/NativeProfiles.kt#L416
liquid-glass-ui,b89473c58878765ac7a139826d6589af104cb07c,app/src/main/java/in/wikio/ecourts/NativeProfiles.kt,417,profile-choice,coffee,coffee,Coffee / Interests,https://github.com/vigarepo2/eCourts/blob/b89473c58878765ac7a139826d6589af104cb07c/app/src/main/java/in/wikio/ecourts/NativeProfiles.kt#L417
liquid-glass-ui,b89473c58878765ac7a139826d6589af104cb07c,app/src/main/java/in/wikio/ecourts/NativeProfiles.kt,418,profile-choice,cooking-pot,cooking-pot,Cooking pot / Interests,https://github.com/vigarepo2/eCourts/blob/b89473c58878765ac7a139826d6589af104cb07c/app/src/main/java/in/wikio/ecourts/NativeProfiles.kt#L418
liquid-glass-ui,b89473c58878765ac7a139826d6589af104cb07c,app/src/main/java/in/wikio/ecourts/NativeProfiles.kt,419,profile-choice,utensils-crossed,utensils,Cutlery / Interests,https://github.com/vigarepo2/eCourts/blob/b89473c58878765ac7a139826d6589af104cb07c/app/src/main/java/in/wikio/ecourts/NativeProfiles.kt#L419
liquid-glass-ui,b89473c58878765ac7a139826d6589af104cb07c,app/src/main/java/in/wikio/ecourts/NativeProfiles.kt,420,profile-choice,apple,apple,Apple / Interests,https://github.com/vigarepo2/eCourts/blob/b89473c58878765ac7a139826d6589af104cb07c/app/src/main/java/in/wikio/ecourts/NativeProfiles.kt#L420
liquid-glass-ui,b89473c58878765ac7a139826d6589af104cb07c,app/src/main/java/in/wikio/ecourts/NativeProfiles.kt,421,profile-choice,notebook-tabs,notebook-tabs,Tabbed notebook / Interests,https://github.com/vigarepo2/eCourts/blob/b89473c58878765ac7a139826d6589af104cb07c/app/src/main/java/in/wikio/ecourts/NativeProfiles.kt#L421
liquid-glass-ui,b89473c58878765ac7a139826d6589af104cb07c,app/src/main/java/in/wikio/ecourts/NativeProfiles.kt,422,profile-choice,dumbbell,dumbbell,Dumbbell / Interests,https://github.com/vigarepo2/eCourts/blob/b89473c58878765ac7a139826d6589af104cb07c/app/src/main/java/in/wikio/ecourts/NativeProfiles.kt#L422
liquid-glass-ui,b89473c58878765ac7a139826d6589af104cb07c,app/src/main/java/in/wikio/ecourts/NativeProfiles.kt,423,profile-choice,goal,goal,Goal / Interests,https://github.com/vigarepo2/eCourts/blob/b89473c58878765ac7a139826d6589af104cb07c/app/src/main/java/in/wikio/ecourts/NativeProfiles.kt#L423
liquid-glass-ui,b89473c58878765ac7a139826d6589af104cb07c,app/src/main/java/in/wikio/ecourts/NativeProfiles.kt,424,profile-choice,gamepad-2,gamepad,Game controller / Interests,https://github.com/vigarepo2/eCourts/blob/b89473c58878765ac7a139826d6589af104cb07c/app/src/main/java/in/wikio/ecourts/NativeProfiles.kt#L424
liquid-glass-ui,b89473c58878765ac7a139826d6589af104cb07c,app/src/main/java/in/wikio/ecourts/NativeProfiles.kt,425,profile-choice,headphones,headphones,Headphones / Interests,https://github.com/vigarepo2/eCourts/blob/b89473c58878765ac7a139826d6589af104cb07c/app/src/main/java/in/wikio/ecourts/NativeProfiles.kt#L425
liquid-glass-ui,b89473c58878765ac7a139826d6589af104cb07c,app/src/main/java/in/wikio/ecourts/NativeProfiles.kt,426,profile-choice,radio,radio,Radio / Interests,https://github.com/vigarepo2/eCourts/blob/b89473c58878765ac7a139826d6589af104cb07c/app/src/main/java/in/wikio/ecourts/NativeProfiles.kt#L426
liquid-glass-ui,b89473c58878765ac7a139826d6589af104cb07c,app/src/main/java/in/wikio/ecourts/NativeProfiles.kt,427,profile-choice,mic,microphone,Microphone / Interests,https://github.com/vigarepo2/eCourts/blob/b89473c58878765ac7a139826d6589af104cb07c/app/src/main/java/in/wikio/ecourts/NativeProfiles.kt#L427
liquid-glass-ui,b89473c58878765ac7a139826d6589af104cb07c,app/src/main/java/in/wikio/ecourts/NativeProfiles.kt,108,interface-use,plus,add,saveProfile / RoundAction,https://github.com/vigarepo2/eCourts/blob/b89473c58878765ac7a139826d6589af104cb07c/app/src/main/java/in/wikio/ecourts/NativeProfiles.kt#L108
liquid-glass-ui,b89473c58878765ac7a139826d6589af104cb07c,app/src/main/java/in/wikio/ecourts/NativeProfiles.kt,128,interface-use,edit,edit,saveProfile / RoundAction,https://github.com/vigarepo2/eCourts/blob/b89473c58878765ac7a139826d6589af104cb07c/app/src/main/java/in/wikio/ecourts/NativeProfiles.kt#L128
liquid-glass-ui,b89473c58878765ac7a139826d6589af104cb07c,app/src/main/java/in/wikio/ecourts/NativeProfiles.kt,151,interface-use,trash,trash,saveProfile / MIcon,https://github.com/vigarepo2/eCourts/blob/b89473c58878765ac7a139826d6589af104cb07c/app/src/main/java/in/wikio/ecourts/NativeProfiles.kt#L151
liquid-glass-ui,b89473c58878765ac7a139826d6589af104cb07c,app/src/main/java/in/wikio/ecourts/NativeProfiles.kt,171,interface-use,check,check,saveProfile / MIcon,https://github.com/vigarepo2/eCourts/blob/b89473c58878765ac7a139826d6589af104cb07c/app/src/main/java/in/wikio/ecourts/NativeProfiles.kt#L171
liquid-glass-ui,b89473c58878765ac7a139826d6589af104cb07c,app/src/main/java/in/wikio/ecourts/NativeProfiles.kt,216,control-state,LinearProgressIndicator,progress,saveProfile,https://github.com/vigarepo2/eCourts/blob/b89473c58878765ac7a139826d6589af104cb07c/app/src/main/java/in/wikio/ecourts/NativeProfiles.kt#L216
liquid-glass-ui,b89473c58878765ac7a139826d6589af104cb07c,app/src/main/java/in/wikio/ecourts/NativeProfiles.kt,252,control-state,LinearProgressIndicator,progress,SaveToProfileSheet,https://github.com/vigarepo2/eCourts/blob/b89473c58878765ac7a139826d6589af104cb07c/app/src/main/java/in/wikio/ecourts/NativeProfiles.kt#L252
liquid-glass-ui,b89473c58878765ac7a139826d6589af104cb07c,app/src/main/java/in/wikio/ecourts/NativeProfiles.kt,274,interface-use,"check, plus",check;add,SaveToProfileSheet / MIcon,https://github.com/vigarepo2/eCourts/blob/b89473c58878765ac7a139826d6589af104cb07c/app/src/main/java/in/wikio/ecourts/NativeProfiles.kt#L274
liquid-glass-ui,b89473c58878765ac7a139826d6589af104cb07c,app/src/main/java/in/wikio/ecourts/NativeProfiles.kt,279,control-state,LinearProgressIndicator,progress,SaveToProfileSheet,https://github.com/vigarepo2/eCourts/blob/b89473c58878765ac7a139826d6589af104cb07c/app/src/main/java/in/wikio/ecourts/NativeProfiles.kt#L279
liquid-glass-ui,b89473c58878765ac7a139826d6589af104cb07c,app/src/main/java/in/wikio/ecourts/NativeSearch.kt,392,control-state,CircularProgressIndicator,loading,search,https://github.com/vigarepo2/eCourts/blob/b89473c58878765ac7a139826d6589af104cb07c/app/src/main/java/in/wikio/ecourts/NativeSearch.kt#L392
liquid-glass-ui,b89473c58878765ac7a139826d6589af104cb07c,app/src/main/java/in/wikio/ecourts/NativeSearch.kt,398,interface-use,history,history,search / MIcon,https://github.com/vigarepo2/eCourts/blob/b89473c58878765ac7a139826d6589af104cb07c/app/src/main/java/in/wikio/ecourts/NativeSearch.kt#L398
liquid-glass-ui,b89473c58878765ac7a139826d6589af104cb07c,app/src/main/java/in/wikio/ecourts/NativeSearch.kt,406,interface-use,close,close,search / RoundAction,https://github.com/vigarepo2/eCourts/blob/b89473c58878765ac7a139826d6589af104cb07c/app/src/main/java/in/wikio/ecourts/NativeSearch.kt#L406
liquid-glass-ui,b89473c58878765ac7a139826d6589af104cb07c,app/src/main/java/in/wikio/ecourts/NativeSearch.kt,413,interface-use,download,download,search / ActionPill,https://github.com/vigarepo2/eCourts/blob/b89473c58878765ac7a139826d6589af104cb07c/app/src/main/java/in/wikio/ecourts/NativeSearch.kt#L413
liquid-glass-ui,b89473c58878765ac7a139826d6589af104cb07c,app/src/main/java/in/wikio/ecourts/NativeSearch.kt,414,interface-use,refresh,refresh,search / MIcon,https://github.com/vigarepo2/eCourts/blob/b89473c58878765ac7a139826d6589af104cb07c/app/src/main/java/in/wikio/ecourts/NativeSearch.kt#L414
liquid-glass-ui,b89473c58878765ac7a139826d6589af104cb07c,app/src/main/java/in/wikio/ecourts/NativeSearch.kt,418,interface-use,calendar,empty-calendar,search / EmptyState,https://github.com/vigarepo2/eCourts/blob/b89473c58878765ac7a139826d6589af104cb07c/app/src/main/java/in/wikio/ecourts/NativeSearch.kt#L418
liquid-glass-ui,b89473c58878765ac7a139826d6589af104cb07c,app/src/main/java/in/wikio/ecourts/NativeSearch.kt,445,interface-use,search,search,search / MIcon,https://github.com/vigarepo2/eCourts/blob/b89473c58878765ac7a139826d6589af104cb07c/app/src/main/java/in/wikio/ecourts/NativeSearch.kt#L445
liquid-glass-ui,b89473c58878765ac7a139826d6589af104cb07c,app/src/main/java/in/wikio/ecourts/NativeSearch.kt,446,interface-use,refresh,refresh,search / MIcon,https://github.com/vigarepo2/eCourts/blob/b89473c58878765ac7a139826d6589af104cb07c/app/src/main/java/in/wikio/ecourts/NativeSearch.kt#L446
liquid-glass-ui,b89473c58878765ac7a139826d6589af104cb07c,app/src/main/java/in/wikio/ecourts/NativeSearch.kt,449,interface-use,search,empty-search,search / EmptyState,https://github.com/vigarepo2/eCourts/blob/b89473c58878765ac7a139826d6589af104cb07c/app/src/main/java/in/wikio/ecourts/NativeSearch.kt#L449
liquid-glass-ui,b89473c58878765ac7a139826d6589af104cb07c,app/src/main/java/in/wikio/ecourts/NativeSearch.kt,472,interface-use,plus,add,search / MIcon,https://github.com/vigarepo2/eCourts/blob/b89473c58878765ac7a139826d6589af104cb07c/app/src/main/java/in/wikio/ecourts/NativeSearch.kt#L472
liquid-glass-ui,b89473c58878765ac7a139826d6589af104cb07c,app/src/main/java/in/wikio/ecourts/NativeSearch.kt,473,interface-use,chevron_right,chevron-right,search / MIcon,https://github.com/vigarepo2/eCourts/blob/b89473c58878765ac7a139826d6589af104cb07c/app/src/main/java/in/wikio/ecourts/NativeSearch.kt#L473
liquid-glass-ui,b89473c58878765ac7a139826d6589af104cb07c,app/src/main/java/in/wikio/ecourts/NativeSearch.kt,544,interface-use,chevron_right,chevron-right,SearchChoice / MIcon,https://github.com/vigarepo2/eCourts/blob/b89473c58878765ac7a139826d6589af104cb07c/app/src/main/java/in/wikio/ecourts/NativeSearch.kt#L544
liquid-glass-ui,b89473c58878765ac7a139826d6589af104cb07c,app/src/main/java/in/wikio/ecourts/NativeSearch.kt,589,interface-use,close,close,SearchOptionsSheet / MIcon,https://github.com/vigarepo2/eCourts/blob/b89473c58878765ac7a139826d6589af104cb07c/app/src/main/java/in/wikio/ecourts/NativeSearch.kt#L589
liquid-glass-ui,b89473c58878765ac7a139826d6589af104cb07c,app/src/main/java/in/wikio/ecourts/NativeSearch.kt,591,interface-use,search,search,SearchOptionsSheet / MIcon,https://github.com/vigarepo2/eCourts/blob/b89473c58878765ac7a139826d6589af104cb07c/app/src/main/java/in/wikio/ecourts/NativeSearch.kt#L591
liquid-glass-ui,b89473c58878765ac7a139826d6589af104cb07c,app/src/main/java/in/wikio/ecourts/NativeSearch.kt,597,interface-use,check,check,SearchOptionsSheet / MIcon,https://github.com/vigarepo2/eCourts/blob/b89473c58878765ac7a139826d6589af104cb07c/app/src/main/java/in/wikio/ecourts/NativeSearch.kt#L597
liquid-glass-ui,b89473c58878765ac7a139826d6589af104cb07c,app/src/main/java/in/wikio/ecourts/NativeSearch.kt,517,icon-data,shield_search,fir-search,NativeSearch / fir,https://github.com/vigarepo2/eCourts/blob/b89473c58878765ac7a139826d6589af104cb07c/app/src/main/java/in/wikio/ecourts/NativeSearch.kt#L517
liquid-glass-ui,b89473c58878765ac7a139826d6589af104cb07c,app/src/main/java/in/wikio/ecourts/NativeSearch.kt,517,icon-data,hash,case-number,NativeSearch / caseNumber,https://github.com/vigarepo2/eCourts/blob/b89473c58878765ac7a139826d6589af104cb07c/app/src/main/java/in/wikio/ecourts/NativeSearch.kt#L517
liquid-glass-ui,b89473c58878765ac7a139826d6589af104cb07c,app/src/main/java/in/wikio/ecourts/NativeSearch.kt,517,icon-data,scan,cnr,NativeSearch / cnr,https://github.com/vigarepo2/eCourts/blob/b89473c58878765ac7a139826d6589af104cb07c/app/src/main/java/in/wikio/ecourts/NativeSearch.kt#L517
liquid-glass-ui,b89473c58878765ac7a139826d6589af104cb07c,app/src/main/java/in/wikio/ecourts/NativeSearch.kt,517,icon-data,person,person,NativeSearch / advocate,https://github.com/vigarepo2/eCourts/blob/b89473c58878765ac7a139826d6589af104cb07c/app/src/main/java/in/wikio/ecourts/NativeSearch.kt#L517
liquid-glass-ui,b89473c58878765ac7a139826d6589af104cb07c,app/src/main/java/in/wikio/ecourts/NativeSearch.kt,517,icon-data,calendar,clipboard,NativeSearch / cause,https://github.com/vigarepo2/eCourts/blob/b89473c58878765ac7a139826d6589af104cb07c/app/src/main/java/in/wikio/ecourts/NativeSearch.kt#L517
liquid-glass-ui,b89473c58878765ac7a139826d6589af104cb07c,app/src/main/java/in/wikio/ecourts/NativeSearch.kt,517,icon-data,file,fir-document,NativeSearch / else,https://github.com/vigarepo2/eCourts/blob/b89473c58878765ac7a139826d6589af104cb07c/app/src/main/java/in/wikio/ecourts/NativeSearch.kt#L517
liquid-glass-ui,b89473c58878765ac7a139826d6589af104cb07c,app/src/main/java/in/wikio/ecourts/NativeSearch.kt,427,text-status,StatusPill,status-pending;status-disposed;status-undated;status-error;warning,"search / currently text + colour; companion icons are optional, preserve status labels and logic.",https://github.com/vigarepo2/eCourts/blob/b89473c58878765ac7a139826d6589af104cb07c/app/src/main/java/in/wikio/ecourts/NativeSearch.kt#L427
liquid-glass-ui,b89473c58878765ac7a139826d6589af104cb07c,app/src/main/java/in/wikio/ecourts/NativeSearch.kt,459,text-status,StatusPill,status-pending;status-disposed;status-undated;status-error;warning,"search / currently text + colour; companion icons are optional, preserve status labels and logic.",https://github.com/vigarepo2/eCourts/blob/b89473c58878765ac7a139826d6589af104cb07c/app/src/main/java/in/wikio/ecourts/NativeSearch.kt#L459
liquid-glass-ui,b89473c58878765ac7a139826d6589af104cb07c,app/src/main/java/in/wikio/ecourts/NativeSearch.kt,466,text-status,nativeStatusColor,status-pending;status-disposed;status-undated;status-error;warning,"search / currently text + colour; companion icons are optional, preserve status labels and logic.",https://github.com/vigarepo2/eCourts/blob/b89473c58878765ac7a139826d6589af104cb07c/app/src/main/java/in/wikio/ecourts/NativeSearch.kt#L466
liquid-glass-ui,b89473c58878765ac7a139826d6589af104cb07c,app/src/main/java/in/wikio/ecourts/NativeSearch.kt,555,text-status,nativeStatusColor,status-pending;status-disposed;status-undated;status-error;warning,"SearchStatusChoices / currently text + colour; companion icons are optional, preserve status labels and logic.",https://github.com/vigarepo2/eCourts/blob/b89473c58878765ac7a139826d6589af104cb07c/app/src/main/java/in/wikio/ecourts/NativeSearch.kt#L555
liquid-glass-ui,b89473c58878765ac7a139826d6589af104cb07c,app/src/main/java/in/wikio/ecourts/NativeSettings.kt,74,interface-use,chevron,chevron-right,change / MIcon,https://github.com/vigarepo2/eCourts/blob/b89473c58878765ac7a139826d6589af104cb07c/app/src/main/java/in/wikio/ecourts/NativeSettings.kt#L74
liquid-glass-ui,b89473c58878765ac7a139826d6589af104cb07c,app/src/main/java/in/wikio/ecourts/NativeSettings.kt,87,control-state,EcourtsSwitch,switch-off;switch-on,change,https://github.com/vigarepo2/eCourts/blob/b89473c58878765ac7a139826d6589af104cb07c/app/src/main/java/in/wikio/ecourts/NativeSettings.kt#L87
liquid-glass-ui,b89473c58878765ac7a139826d6589af104cb07c,app/src/main/java/in/wikio/ecourts/NativeSettings.kt,92,control-state,EcourtsSwitch,switch-off;switch-on,change,https://github.com/vigarepo2/eCourts/blob/b89473c58878765ac7a139826d6589af104cb07c/app/src/main/java/in/wikio/ecourts/NativeSettings.kt#L92
liquid-glass-ui,b89473c58878765ac7a139826d6589af104cb07c,app/src/main/java/in/wikio/ecourts/NativeSettings.kt,94,control-state,EcourtsSwitch,switch-off;switch-on,change,https://github.com/vigarepo2/eCourts/blob/b89473c58878765ac7a139826d6589af104cb07c/app/src/main/java/in/wikio/ecourts/NativeSettings.kt#L94
liquid-glass-ui,b89473c58878765ac7a139826d6589af104cb07c,app/src/main/java/in/wikio/ecourts/NativeSettings.kt,117,control-state,EcourtsSwitch,switch-off;switch-on,change,https://github.com/vigarepo2/eCourts/blob/b89473c58878765ac7a139826d6589af104cb07c/app/src/main/java/in/wikio/ecourts/NativeSettings.kt#L117
liquid-glass-ui,b89473c58878765ac7a139826d6589af104cb07c,app/src/main/java/in/wikio/ecourts/NativeSettings.kt,119,control-state,EcourtsSwitch,switch-off;switch-on,change,https://github.com/vigarepo2/eCourts/blob/b89473c58878765ac7a139826d6589af104cb07c/app/src/main/java/in/wikio/ecourts/NativeSettings.kt#L119
liquid-glass-ui,b89473c58878765ac7a139826d6589af104cb07c,app/src/main/java/in/wikio/ecourts/NativeSettings.kt,124,interface-use,bell,bell,change / NativeRow,https://github.com/vigarepo2/eCourts/blob/b89473c58878765ac7a139826d6589af104cb07c/app/src/main/java/in/wikio/ecourts/NativeSettings.kt#L124
liquid-glass-ui,b89473c58878765ac7a139826d6589af104cb07c,app/src/main/java/in/wikio/ecourts/NativeSettings.kt,170,interface-use,close,close,change / RoundAction,https://github.com/vigarepo2/eCourts/blob/b89473c58878765ac7a139826d6589af104cb07c/app/src/main/java/in/wikio/ecourts/NativeSettings.kt#L170
liquid-glass-ui,b89473c58878765ac7a139826d6589af104cb07c,app/src/main/java/in/wikio/ecourts/NativeSettings.kt,178,interface-use,edit,edit,change / NativeRow,https://github.com/vigarepo2/eCourts/blob/b89473c58878765ac7a139826d6589af104cb07c/app/src/main/java/in/wikio/ecourts/NativeSettings.kt#L178
liquid-glass-ui,b89473c58878765ac7a139826d6589af104cb07c,app/src/main/java/in/wikio/ecourts/NativeSettings.kt,206,interface-use,check,check,change / MIcon,https://github.com/vigarepo2/eCourts/blob/b89473c58878765ac7a139826d6589af104cb07c/app/src/main/java/in/wikio/ecourts/NativeSettings.kt#L206
liquid-glass-ui,b89473c58878765ac7a139826d6589af104cb07c,app/src/main/java/in/wikio/ecourts/NativeSettings.kt,209,control-state,EcourtsSwitch,switch-off;switch-on,change,https://github.com/vigarepo2/eCourts/blob/b89473c58878765ac7a139826d6589af104cb07c/app/src/main/java/in/wikio/ecourts/NativeSettings.kt#L209
liquid-glass-ui,b89473c58878765ac7a139826d6589af104cb07c,app/src/main/java/in/wikio/ecourts/NativeSettings.kt,213,control-state,EcourtsSwitch,switch-off;switch-on,change,https://github.com/vigarepo2/eCourts/blob/b89473c58878765ac7a139826d6589af104cb07c/app/src/main/java/in/wikio/ecourts/NativeSettings.kt#L213
liquid-glass-ui,b89473c58878765ac7a139826d6589af104cb07c,app/src/main/java/in/wikio/ecourts/NativeSettings.kt,319,interface-use,check,check,AccentChoices / MIcon,https://github.com/vigarepo2/eCourts/blob/b89473c58878765ac7a139826d6589af104cb07c/app/src/main/java/in/wikio/ecourts/NativeSettings.kt#L319
liquid-glass-ui,b89473c58878765ac7a139826d6589af104cb07c,app/src/main/java/in/wikio/ecourts/NativeSettings.kt,355,interface-use,"close, plus",close;add,HelpAnswer / MIcon,https://github.com/vigarepo2/eCourts/blob/b89473c58878765ac7a139826d6589af104cb07c/app/src/main/java/in/wikio/ecourts/NativeSettings.kt#L355
liquid-glass-ui,b89473c58878765ac7a139826d6589af104cb07c,app/src/main/java/in/wikio/ecourts/NativeSettings.kt,412,interface-use,check,check,ShapeChoices / MIcon,https://github.com/vigarepo2/eCourts/blob/b89473c58878765ac7a139826d6589af104cb07c/app/src/main/java/in/wikio/ecourts/NativeSettings.kt#L412
liquid-glass-ui,b89473c58878765ac7a139826d6589af104cb07c,app/src/main/java/in/wikio/ecourts/NativeSettings.kt,335,icon-data,sun,sun,NativeSettings / Appearance,https://github.com/vigarepo2/eCourts/blob/b89473c58878765ac7a139826d6589af104cb07c/app/src/main/java/in/wikio/ecourts/NativeSettings.kt#L335
liquid-glass-ui,b89473c58878765ac7a139826d6589af104cb07c,app/src/main/java/in/wikio/ecourts/NativeSettings.kt,335,icon-data,briefcase,briefcase,NativeSettings / Cases,https://github.com/vigarepo2/eCourts/blob/b89473c58878765ac7a139826d6589af104cb07c/app/src/main/java/in/wikio/ecourts/NativeSettings.kt#L335
liquid-glass-ui,b89473c58878765ac7a139826d6589af104cb07c,app/src/main/java/in/wikio/ecourts/NativeSettings.kt,335,icon-data,search,search,NativeSettings / Search,https://github.com/vigarepo2/eCourts/blob/b89473c58878765ac7a139826d6589af104cb07c/app/src/main/java/in/wikio/ecourts/NativeSettings.kt#L335
liquid-glass-ui,b89473c58878765ac7a139826d6589af104cb07c,app/src/main/java/in/wikio/ecourts/NativeSettings.kt,336,icon-data,settings,settings,NativeSettings / Motion & glass,https://github.com/vigarepo2/eCourts/blob/b89473c58878765ac7a139826d6589af104cb07c/app/src/main/java/in/wikio/ecourts/NativeSettings.kt#L336
liquid-glass-ui,b89473c58878765ac7a139826d6589af104cb07c,app/src/main/java/in/wikio/ecourts/NativeSettings.kt,336,icon-data,refresh,refresh,NativeSettings / Background fetching,https://github.com/vigarepo2/eCourts/blob/b89473c58878765ac7a139826d6589af104cb07c/app/src/main/java/in/wikio/ecourts/NativeSettings.kt#L336
liquid-glass-ui,b89473c58878765ac7a139826d6589af104cb07c,app/src/main/java/in/wikio/ecourts/NativeSettings.kt,336,icon-data,folder,folder,NativeSettings / Your data,https://github.com/vigarepo2/eCourts/blob/b89473c58878765ac7a139826d6589af104cb07c/app/src/main/java/in/wikio/ecourts/NativeSettings.kt#L336
liquid-glass-ui,b89473c58878765ac7a139826d6589af104cb07c,app/src/main/java/in/wikio/ecourts/NativeSettings.kt,336,icon-data,help,help,NativeSettings / else,https://github.com/vigarepo2/eCourts/blob/b89473c58878765ac7a139826d6589af104cb07c/app/src/main/java/in/wikio/ecourts/NativeSettings.kt#L336
liquid-glass-ui,b89473c58878765ac7a139826d6589af104cb07c,app/src/main/java/in/wikio/ecourts/NativeSheets.kt,48,interface-use,close,close,NativeModalSheet / RoundAction,https://github.com/vigarepo2/eCourts/blob/b89473c58878765ac7a139826d6589af104cb07c/app/src/main/java/in/wikio/ecourts/NativeSheets.kt#L48
liquid-glass-ui,b89473c58878765ac7a139826d6589af104cb07c,app/src/main/java/in/wikio/ecourts/NativeSyncProgress.kt,111,interface-use,"chevron_up, chevron_down",chevron-up;chevron-down,move / RoundAction,https://github.com/vigarepo2/eCourts/blob/b89473c58878765ac7a139826d6589af104cb07c/app/src/main/java/in/wikio/ecourts/NativeSyncProgress.kt#L111
liquid-glass-ui,b89473c58878765ac7a139826d6589af104cb07c,app/src/main/java/in/wikio/ecourts/NativeSyncProgress.kt,113,interface-use,stop,stop,move / RoundAction,https://github.com/vigarepo2/eCourts/blob/b89473c58878765ac7a139826d6589af104cb07c/app/src/main/java/in/wikio/ecourts/NativeSyncProgress.kt#L113
liquid-glass-ui,b89473c58878765ac7a139826d6589af104cb07c,app/src/main/java/in/wikio/ecourts/NativeSyncProgress.kt,116,control-state,LinearProgressIndicator,progress,move,https://github.com/vigarepo2/eCourts/blob/b89473c58878765ac7a139826d6589af104cb07c/app/src/main/java/in/wikio/ecourts/NativeSyncProgress.kt#L116
liquid-glass-ui,b89473c58878765ac7a139826d6589af104cb07c,app/src/main/java/in/wikio/ecourts/NativeSyncProgress.kt,122,control-state,LinearProgressIndicator,progress,move,https://github.com/vigarepo2/eCourts/blob/b89473c58878765ac7a139826d6589af104cb07c/app/src/main/java/in/wikio/ecourts/NativeSyncProgress.kt#L122
liquid-glass-ui,b89473c58878765ac7a139826d6589af104cb07c,app/src/main/java/in/wikio/ecourts/NativeSyncProgress.kt,123,control-state,LinearProgressIndicator,progress,move,https://github.com/vigarepo2/eCourts/blob/b89473c58878765ac7a139826d6589af104cb07c/app/src/main/java/in/wikio/ecourts/NativeSyncProgress.kt#L123
liquid-glass-ui,b89473c58878765ac7a139826d6589af104cb07c,app/src/main/java/in/wikio/ecourts/NativeUi.kt,232,control-state,LinearProgressIndicator,progress,onPostScroll,https://github.com/vigarepo2/eCourts/blob/b89473c58878765ac7a139826d6589af104cb07c/app/src/main/java/in/wikio/ecourts/NativeUi.kt#L232
liquid-glass-ui,b89473c58878765ac7a139826d6589af104cb07c,app/src/main/java/in/wikio/ecourts/NativeUi.kt,260,control-state,LinearProgressIndicator,progress,onPostScroll,https://github.com/vigarepo2/eCourts/blob/b89473c58878765ac7a139826d6589af104cb07c/app/src/main/java/in/wikio/ecourts/NativeUi.kt#L260
liquid-glass-ui,b89473c58878765ac7a139826d6589af104cb07c,app/src/main/java/in/wikio/ecourts/NativeUi.kt,281,interface-use,refresh,refresh,onPostScroll / MIcon,https://github.com/vigarepo2/eCourts/blob/b89473c58878765ac7a139826d6589af104cb07c/app/src/main/java/in/wikio/ecourts/NativeUi.kt#L281
liquid-glass-ui,b89473c58878765ac7a139826d6589af104cb07c,app/src/main/java/in/wikio/ecourts/NativeUi.kt,300,interface-use,back,arrow-left,NativeChrome / RoundAction,https://github.com/vigarepo2/eCourts/blob/b89473c58878765ac7a139826d6589af104cb07c/app/src/main/java/in/wikio/ecourts/NativeUi.kt#L300
liquid-glass-ui,b89473c58878765ac7a139826d6589af104cb07c,app/src/main/java/in/wikio/ecourts/NativeUi.kt,316,interface-use,profile,person,NativeChrome / MIcon,https://github.com/vigarepo2/eCourts/blob/b89473c58878765ac7a139826d6589af104cb07c/app/src/main/java/in/wikio/ecourts/NativeUi.kt#L316
liquid-glass-ui,b89473c58878765ac7a139826d6589af104cb07c,app/src/main/java/in/wikio/ecourts/NativeUi.kt,324,interface-use,settings,settings,NativeChrome / MIcon,https://github.com/vigarepo2/eCourts/blob/b89473c58878765ac7a139826d6589af104cb07c/app/src/main/java/in/wikio/ecourts/NativeUi.kt#L324
liquid-glass-ui,b89473c58878765ac7a139826d6589af104cb07c,app/src/main/java/in/wikio/ecourts/NativeUi.kt,331,interface-use,case,briefcase,NativeDestination / NativeDestination,https://github.com/vigarepo2/eCourts/blob/b89473c58878765ac7a139826d6589af104cb07c/app/src/main/java/in/wikio/ecourts/NativeUi.kt#L331
liquid-glass-ui,b89473c58878765ac7a139826d6589af104cb07c,app/src/main/java/in/wikio/ecourts/NativeUi.kt,332,interface-use,calendar,calendar,NativeDestination / NativeDestination,https://github.com/vigarepo2/eCourts/blob/b89473c58878765ac7a139826d6589af104cb07c/app/src/main/java/in/wikio/ecourts/NativeUi.kt#L332
liquid-glass-ui,b89473c58878765ac7a139826d6589af104cb07c,app/src/main/java/in/wikio/ecourts/NativeUi.kt,333,interface-use,search,search,NativeDestination / NativeDestination,https://github.com/vigarepo2/eCourts/blob/b89473c58878765ac7a139826d6589af104cb07c/app/src/main/java/in/wikio/ecourts/NativeUi.kt#L333
liquid-glass-ui,b89473c58878765ac7a139826d6589af104cb07c,app/src/main/java/in/wikio/ecourts/PdfViewerActivity.java,212,control-state,ProgressBar,loading,buildUi,https://github.com/vigarepo2/eCourts/blob/b89473c58878765ac7a139826d6589af104cb07c/app/src/main/java/in/wikio/ecourts/PdfViewerActivity.java#L212
liquid-glass-ui,b89473c58878765ac7a139826d6589af104cb07c,app/src/main/java/in/wikio/ecourts/PdfViewerActivity.java,173,drawable-use,ic_pdf_back,arrow-left,buildUi,https://github.com/vigarepo2/eCourts/blob/b89473c58878765ac7a139826d6589af104cb07c/app/src/main/java/in/wikio/ecourts/PdfViewerActivity.java#L173
liquid-glass-ui,b89473c58878765ac7a139826d6589af104cb07c,app/src/main/java/in/wikio/ecourts/PdfViewerActivity.java,195,drawable-use,ic_pdf_more,more,buildUi,https://github.com/vigarepo2/eCourts/blob/b89473c58878765ac7a139826d6589af104cb07c/app/src/main/java/in/wikio/ecourts/PdfViewerActivity.java#L195
liquid-glass-ui,b89473c58878765ac7a139826d6589af104cb07c,app/src/main/java/in/wikio/ecourts/PdfViewerActivity.java,222,drawable-use,ic_pdf_download,download,buildUi,https://github.com/vigarepo2/eCourts/blob/b89473c58878765ac7a139826d6589af104cb07c/app/src/main/java/in/wikio/ecourts/PdfViewerActivity.java#L222
liquid-glass-ui,b89473c58878765ac7a139826d6589af104cb07c,app/src/main/java/in/wikio/ecourts/PdfViewerActivity.java,231,drawable-use,ic_pdf_share,share,buildUi,https://github.com/vigarepo2/eCourts/blob/b89473c58878765ac7a139826d6589af104cb07c/app/src/main/java/in/wikio/ecourts/PdfViewerActivity.java#L231
liquid-glass-ui,b89473c58878765ac7a139826d6589af104cb07c,app/src/main/java/in/wikio/ecourts/PdfViewerActivity.java,343,drawable-use,ic_pdf_download,download,showMenu,https://github.com/vigarepo2/eCourts/blob/b89473c58878765ac7a139826d6589af104cb07c/app/src/main/java/in/wikio/ecourts/PdfViewerActivity.java#L343
liquid-glass-ui,b89473c58878765ac7a139826d6589af104cb07c,app/src/main/java/in/wikio/ecourts/PdfViewerActivity.java,344,drawable-use,ic_pdf_share,share,showMenu,https://github.com/vigarepo2/eCourts/blob/b89473c58878765ac7a139826d6589af104cb07c/app/src/main/java/in/wikio/ecourts/PdfViewerActivity.java#L344
liquid-glass-ui,b89473c58878765ac7a139826d6589af104cb07c,app/src/main/java/in/wikio/ecourts/PdfViewerActivity.java,345,drawable-use,ic_pdf_print,print,showMenu,https://github.com/vigarepo2/eCourts/blob/b89473c58878765ac7a139826d6589af104cb07c/app/src/main/java/in/wikio/ecourts/PdfViewerActivity.java#L345
liquid-glass-ui,b89473c58878765ac7a139826d6589af104cb07c,app/src/main/res/drawable/ic_fetch_notification.xml,1,drawable-definition,ic_fetch_notification,notification-fetch,Bundled resource; ic_pdf_link is available but has no current call site.,https://github.com/vigarepo2/eCourts/blob/b89473c58878765ac7a139826d6589af104cb07c/app/src/main/res/drawable/ic_fetch_notification.xml#L1
liquid-glass-ui,b89473c58878765ac7a139826d6589af104cb07c,app/src/main/res/drawable/ic_pdf_back.xml,1,drawable-definition,ic_pdf_back,arrow-left,Bundled resource; ic_pdf_link is available but has no current call site.,https://github.com/vigarepo2/eCourts/blob/b89473c58878765ac7a139826d6589af104cb07c/app/src/main/res/drawable/ic_pdf_back.xml#L1
liquid-glass-ui,b89473c58878765ac7a139826d6589af104cb07c,app/src/main/res/drawable/ic_pdf_download.xml,1,drawable-definition,ic_pdf_download,download,Bundled resource; ic_pdf_link is available but has no current call site.,https://github.com/vigarepo2/eCourts/blob/b89473c58878765ac7a139826d6589af104cb07c/app/src/main/res/drawable/ic_pdf_download.xml#L1
liquid-glass-ui,b89473c58878765ac7a139826d6589af104cb07c,app/src/main/res/drawable/ic_pdf_link.xml,1,drawable-definition,ic_pdf_link,link,Bundled resource; ic_pdf_link is available but has no current call site.,https://github.com/vigarepo2/eCourts/blob/b89473c58878765ac7a139826d6589af104cb07c/app/src/main/res/drawable/ic_pdf_link.xml#L1
liquid-glass-ui,b89473c58878765ac7a139826d6589af104cb07c,app/src/main/res/drawable/ic_pdf_more.xml,1,drawable-definition,ic_pdf_more,more,Bundled resource; ic_pdf_link is available but has no current call site.,https://github.com/vigarepo2/eCourts/blob/b89473c58878765ac7a139826d6589af104cb07c/app/src/main/res/drawable/ic_pdf_more.xml#L1
liquid-glass-ui,b89473c58878765ac7a139826d6589af104cb07c,app/src/main/res/drawable/ic_pdf_print.xml,1,drawable-definition,ic_pdf_print,print,Bundled resource; ic_pdf_link is available but has no current call site.,https://github.com/vigarepo2/eCourts/blob/b89473c58878765ac7a139826d6589af104cb07c/app/src/main/res/drawable/ic_pdf_print.xml#L1
liquid-glass-ui,b89473c58878765ac7a139826d6589af104cb07c,app/src/main/res/drawable/ic_pdf_share.xml,1,drawable-definition,ic_pdf_share,share,Bundled resource; ic_pdf_link is available but has no current call site.,https://github.com/vigarepo2/eCourts/blob/b89473c58878765ac7a139826d6589af104cb07c/app/src/main/res/drawable/ic_pdf_share.xml#L1
liquid-glass-ui,b89473c58878765ac7a139826d6589af104cb07c,app/src/main/java/in/wikio/ecourts/NativeSettings.kt,132,text-feature,Import,import,"Currently text-only; optional icon for a future app implementation, not an existing icon-bearing control.",https://github.com/vigarepo2/eCourts/blob/b89473c58878765ac7a139826d6589af104cb07c/app/src/main/java/in/wikio/ecourts/NativeSettings.kt#L132
liquid-glass-ui,b89473c58878765ac7a139826d6589af104cb07c,app/src/main/java/in/wikio/ecourts/NativeSettings.kt,134,text-feature,Export,export,"Currently text-only; optional icon for a future app implementation, not an existing icon-bearing control.",https://github.com/vigarepo2/eCourts/blob/b89473c58878765ac7a139826d6589af104cb07c/app/src/main/java/in/wikio/ecourts/NativeSettings.kt#L134
liquid-glass-ui,b89473c58878765ac7a139826d6589af104cb07c,app/src/main/java/in/wikio/ecourts/NativeSettings.kt,112,text-feature,Private display,lock,"Currently text-only; optional icon for a future app implementation, not an existing icon-bearing control.",https://github.com/vigarepo2/eCourts/blob/b89473c58878765ac7a139826d6589af104cb07c/app/src/main/java/in/wikio/ecourts/NativeSettings.kt#L112
liquid-glass-ui,b89473c58878765ac7a139826d6589af104cb07c,app/src/main/java/in/wikio/ecourts/NativeSettings.kt,89,text-feature,Animation speed,settings,"Currently text-only; optional icon for a future app implementation, not an existing icon-bearing control.",https://github.com/vigarepo2/eCourts/blob/b89473c58878765ac7a139826d6589af104cb07c/app/src/main/java/in/wikio/ecourts/NativeSettings.kt#L89
liquid-glass-ui,b89473c58878765ac7a139826d6589af104cb07c,app/src/main/java/in/wikio/ecourts/NativeSettings.kt,96,text-feature,Glass finish,settings,"Currently text-only; optional icon for a future app implementation, not an existing icon-bearing control.",https://github.com/vigarepo2/eCourts/blob/b89473c58878765ac7a139826d6589af104cb07c/app/src/main/java/in/wikio/ecourts/NativeSettings.kt#L96
liquid-glass-ui,b89473c58878765ac7a139826d6589af104cb07c,app/src/main/java/in/wikio/ecourts/NativeCaseDetails.kt,341,text-feature,Parties & advocates,people,"Currently text-only; optional icon for a future app implementation, not an existing icon-bearing control.",https://github.com/vigarepo2/eCourts/blob/b89473c58878765ac7a139826d6589af104cb07c/app/src/main/java/in/wikio/ecourts/NativeCaseDetails.kt#L341
liquid-glass-ui,b89473c58878765ac7a139826d6589af104cb07c,app/src/main/java/in/wikio/ecourts/NativeCaseDetails.kt,44,text-feature,Processes,document,"Currently text-only; optional icon for a future app implementation, not an existing icon-bearing control.",https://github.com/vigarepo2/eCourts/blob/b89473c58878765ac7a139826d6589af104cb07c/app/src/main/java/in/wikio/ecourts/NativeCaseDetails.kt#L44
